"","K","bw_reg","preg_reg","bw_ipw","preg_ipw","bw_prs","preg_prs","bw_pss","preg_pss"
"1",1,0.493437520595307,0.0221062869684508,-5.15991674299858,0.0259157990177696,8.16981527205962,0.0186127139389726,14.5773622251167,0.0129271018696994
"2",2,159.561871101866,-0.0199588931130604,135.839524172761,-0.0222363686974199,134.515516474963,-0.0151536124915106,130.161914449956,-0.0115167992272702
"3",3,82.7832094521359,-0.0133233181872234,99.8457503789577,-0.0147816492283504,62.1858640835603,-0.0118511054554846,72.0559131880539,-0.0108335877440734
"4",4,60.7359382604036,-0.0218861648961277,52.6669480907326,-0.0320658269791293,55.7199081607387,-0.0266282179011714,52.0270552719481,-0.0284269238041218
"5",5,126.416703869586,0.00488201530686368,136.794023555632,-0.0101454336120322,164.708325053604,-0.00641217300452999,148.5446998842,-0.00884989378830962
"6",6,14.8675365411054,-0.0543470086002256,-5.81321140421278,-0.0483886733704749,-8.46291231249825,-0.0429849356571197,13.5869409764173,-0.0498431583847769
"7",7,51.3059759200992,-0.032028240245276,86.95047010398,-0.040958627860672,136.181438839424,-0.0678313023000774,137.768116422098,-0.0706797944829982
"8",8,134.563202884148,-0.0661413766480238,127.261051596984,-0.0727522327588759,100.670767541267,-0.0653482911399483,127.420022227624,-0.0659758075179595
"9",9,82.5625001608964,-0.025084876784785,89.8915441170525,-0.0355337487548729,91.2946492930214,-0.0360215516146532,83.4823199722876,-0.0317305752499638
"10",10,55.6899571703857,0.00571999696823045,48.8616917458476,-0.00409842551284231,96.292313989487,-0.0131414217263213,85.2740805960956,-0.0125631648494701
"11",11,106.650660780901,-0.0381471447007472,112.797881452639,-0.0410719594187402,137.285435146701,-0.0501170215866348,162.449165138614,-0.0561539023092391
"12",12,101.799497694339,-0.0404736328070111,79.9582186321077,-0.0478268004029292,90.9971213600475,-0.0534098256763221,95.3976156051239,-0.0537117587959986
"13",13,13.5582777876957,-0.0217155635324748,-20.5208169108969,-0.0152160160931411,27.4786126746321,-0.0321087399244485,31.7557811855924,-0.0331372738510976
"14",14,106.560085771538,-0.0111921228632892,166.783357441993,-0.0537835998520303,163.855027834278,-0.0438901881503738,158.071235660423,-0.0376612971007988
"15",15,81.3436140953863,-0.0421335426729419,85.7955917461245,-0.020792281231299,117.453330214453,-0.0574260377416976,78.0753705918246,-0.0476811377846142
"16",16,69.2448779340912,-0.0080658404981539,72.1164272395017,-0.0148717454308839,63.9481694935598,-0.000556893138351597,74.5082628546915,-0.00645949288806432
"17",17,71.3165651428367,-0.011296931470946,102.963920609706,-0.0318424210605543,83.3160461232264,-0.0262616851550078,94.9442813610762,-0.0317466526237065
"18",18,155.620042510183,-0.0190054588037561,137.903276331217,-0.0214164850080871,184.990387747255,-0.0406784149171748,183.236976818129,-0.0404647936177593
"19",19,10.2339528787529,0.0242037703693642,-20.4745828923778,0.033779597372819,-15.5048776717754,0.0247580258135309,-10.3115687894558,0.029676091349679
"20",20,-13.6221508056242,0.0122918407189117,-13.8258335907635,0.0146510855574244,-3.37437102646709,-0.00523506686815049,-20.0281177156176,0.00386009192827374
"21",21,94.7607213011388,-0.0338075581522646,88.2319640727228,-0.0391847587172015,94.4237067191857,-0.0503836166702323,99.1753761237221,-0.0513998648790263
"22",22,10.4160115424706,0.00616344034446717,-59.9342706605489,0.0185751409679149,6.67148476710554,0.00289643910803213,7.27388003725244,-0.00372730685174668
"23",23,-38.3698758779415,0.0014615954759275,-80.8908407784565,0.0139251964673464,-79.6838743663984,0.00482969217470097,-74.3984146749522,0.0154958306069665
"24",24,21.8742717897244,-0.00903318307388828,61.9570907091997,-0.0327526784959253,63.759868409436,-0.0359388895494808,62.0986909242235,-0.0354016850691727
"25",25,97.9782137901261,-0.0246243698877528,99.0238257342062,-0.0351640513879132,105.220912176461,-0.0367760740884337,109.91390734049,-0.0362783336946298
"26",26,57.3472639151228,-0.0310375695621802,112.651927816263,-0.0566085847368634,41.4127242718619,-0.0333993562894336,63.2036099699996,-0.0380420977272641
"27",27,-62.5844862245831,-0.00638048253821637,-33.1029142947314,-0.0249414889006559,-57.1495932737143,-0.0234649336037928,-48.4049504964756,-0.0291919973426907
"28",28,14.1115465433149,-0.0121922580627986,41.0531888017026,-0.0364545329064596,38.273149031158,-0.036225093368776,31.4495188190177,-0.0375658702458145
"29",29,151.073806070574,-0.0248694604012319,128.045373148102,-0.0445703687412266,125.571169534266,-0.0265871847024654,116.822491118673,-0.0241030072539471
"30",30,75.9742399133784,0.00264385990777263,111.859477169898,-0.0302449830446679,49.3900167078405,0.00845846708298363,61.5571553916926,-0.000531851751666353
"31",31,6.88229839282667,0.0108377039051709,19.7947936522892,0.00641585288399223,30.979376132851,0.000422842689536462,39.4081737873678,-0.0017960861463049
"32",32,-51.4562475658349,-0.00979315320409706,7.55401647682174,-0.0439856218174791,-15.8986867398371,-0.0308712817311611,-20.2646723692082,-0.042760372411885
"33",33,4.74466356561243,-0.00726440266711313,4.75145810911226,-0.0130394747521444,21.5864447065237,-0.0267032534123309,36.1709644312151,-0.0329491526603964
"34",34,6.80507141020644,-0.0117875660288921,34.470439431047,-0.0457223044030997,31.5592546455764,-0.0238408408679874,32.3260400208795,-0.0231167849467739
"35",35,34.9594043285706,0.00593069742338913,38.6302727661764,-0.0122415067566514,48.059729196882,-0.0170034875248862,38.7839989123555,-0.0181563294025917
"36",36,67.5364062628155,-0.0601916075894572,84.4042221060095,-0.0554111682440385,90.1904402674022,-0.0605701013496747,94.0661880905833,-0.0671971733463669
"37",37,10.3771816719382,-0.0395838089614899,42.3945919308458,-0.0664042497565065,47.7394330439101,-0.0569703237747185,35.5478998073216,-0.0584300270014622
"38",38,164.516393841743,-0.0559499750031288,138.800989458075,-0.0662305556441383,163.628323306017,-0.0855493482790597,149.500744317384,-0.0806373501702308
"39",39,-7.16774522840296,-0.0221347779753951,36.4144150616125,-0.0258794052152906,52.5144390842288,-0.0301448220580643,62.6809747396121,-0.0357178816445972
"40",40,24.6620373132168,0.0181124002202324,34.0296863452531,0.0208935600131162,40.3958330810146,0.00207365386238381,57.9757835807143,0.00685348616272182
"41",41,72.7818389769118,-0.0268401903848944,96.9168345989783,-0.0395003391553451,112.119718309825,-0.0462298385647387,109.843125899803,-0.0481033074171271
"42",42,135.382383800385,-0.00107189759230758,112.06295140598,0.00842334485467833,119.999813751814,0.00774431190482115,120.628854659994,0.00571839874459693
"43",43,48.6511843815911,-0.0438977050142979,40.2140311681642,-0.0428104344958407,34.0411994576875,-0.0550659834318866,40.1397322435984,-0.0510019695578046
"44",44,75.1450915936252,0.00404337949999725,43.5668336356734,0.0041109688460977,50.4161629239693,0.00359345664200704,20.3619045651008,0.0228699774593692
"45",45,-84.0913440308077,0.0207436467833944,-69.2335410513319,-0.00543961302087713,-67.5827765888598,-0.00389799242322915,-63.0804827296322,-0.00367912197256331
"46",46,31.7145097883404,-0.0352415221215815,-0.581147209065875,-0.0532357068814972,26.7686047764619,-0.0534470029239617,39.2676841359621,-0.0543727033372342
"47",47,38.9471327359179,0.0350924828350564,53.8129242990858,0.0218925450069401,32.975027977564,0.0339042746500926,22.9171428035634,0.0372493799142167
"48",48,-14.619764146928,0.0243644768803819,58.8662390129289,-0.000599821827862043,4.91057067003248,0.00955414909322953,15.3426665372826,0.00992040251347721
"49",49,60.2666089542367,-0.0191806862588292,31.2589060752393,-0.0303891804276847,71.570857592073,-0.0447002866184229,63.6548565145056,-0.0331364318055183
"50",50,56.6455055087354,-0.0480251200307674,64.1590120874816,-0.0842493410066918,71.7394616403894,-0.090609809586615,149.390915297873,-0.105542280516543
"51",51,109.820917468546,0.0121202115348396,105.835446076686,0.0127363991216085,106.807226531619,0.0124673588018886,113.468007647767,0.00800574407977712
"52",52,63.0161053843153,-0.0395305551288826,24.4728481906441,-0.0448901012697863,48.7458238394524,-0.058251003779587,31.6144498270171,-0.0499753468565106
"53",53,45.0352105110055,-0.0133119744250548,62.0960347333166,-0.0389366666625696,61.804410240758,-0.0391646588367397,56.0809181485212,-0.0376995596106158
"54",54,-13.6644951675889,-0.0159699818530082,13.5723721393992,-0.0445805959085737,19.2150502403888,-0.0448616960309932,27.2373924919532,-0.0508352010672988
"55",55,141.806120098202,-0.0187041061410618,195.898048514576,-0.0427668734357158,178.213119321229,-0.0264469503148571,176.082606671078,-0.0266482887680025
"56",56,51.1440777078542,0.0096947907890699,116.983659194031,-0.0140072689857713,63.3450465955375,0.0171750883237619,69.766969588676,0.00497082256480075
"57",57,60.3138986313947,-0.039907147615175,51.1224026537211,-0.0535928913597548,50.157907813546,-0.0507059929941944,87.275583690217,-0.0692205168323209
"58",58,-6.89646452027546,0.01328983482241,13.6090793781909,0.00514008521313536,1.45774409777141,0.0165789891874447,11.8580445038601,0.00247754790623312
"59",59,83.0975808119611,-0.0175027402309721,102.087833983584,-0.0438188401522985,94.2252533022952,-0.0181376712625673,107.063755904561,-0.0162967004167252
"60",60,23.7942056098882,-0.0129813809778199,47.8776950326314,-0.0274864801426567,28.2411561615145,-0.0128826223902121,15.3080489708517,-0.0109515752269565
"61",61,73.7960987765309,-0.0187201001728662,135.711262507295,-0.059553113518004,84.3618983592669,-0.045308164396848,83.5076652871297,-0.033729067505256
"62",62,20.9606049257259,-0.0234139796340398,13.1257900139904,-0.0348825589320092,30.3890656098761,-0.0461015091643113,54.4901701750359,-0.0548498246405181
"63",63,169.240590657399,-0.0358574642745768,240.676303576632,-0.092956964254917,190.208771788497,-0.0441999042521554,197.087941241354,-0.0522337602692147
"64",64,62.6745081352656,-0.0179736046973896,83.9793318016691,-0.0448863771549136,92.7441396752465,-0.0464414782973964,90.0732425548869,-0.0498262755532311
"65",65,34.4979509263371,-0.0360853942004934,74.0077154091559,-0.059570878430434,54.2097085118585,-0.0419413986208234,53.6262703015238,-0.049917283095495
"66",66,36.229011022413,-0.0234676962634924,68.9095833368742,-0.0333034990180304,63.1271248896014,-0.0325847023898052,54.0817407388233,-0.0250976467693596
"67",67,125.586769107034,-0.0429481484881259,131.494998427375,-0.0501817190710142,111.795587711544,-0.0344256583080251,102.617854210888,-0.0334718966865463
"68",68,7.04086547644783,-0.0115715045915604,5.03277955687599,-0.0128651419233895,-5.26485872111743,-0.00817006395067796,8.13433118408567,-0.0126206042170954
"69",69,152.670170959988,-0.0492261116130098,152.699838520899,-0.0460210727614085,136.908444271517,-0.0510230769160349,158.24193931253,-0.0638792136501699
"70",70,76.032002408167,-0.0364060810366849,113.041947692724,-0.0619485165101096,106.127302673874,-0.0620448450192221,94.0431288618566,-0.0590781186345044
"71",71,53.2271728529372,-0.0666250462230789,-6.01438641666437,-0.0565986153384149,28.3774218000258,-0.0617305423758734,46.0202892945581,-0.0742744857698533
"72",72,83.4932043584813,-0.0351609943432477,81.1532555512595,-0.0254451970845353,89.9222094444431,-0.0300535367581287,96.7918694690204,-0.0344557715212684
"73",73,83.5003978988798,-0.0331407912948505,152.183959790008,-0.0774927870551978,89.0649398028481,-0.0503547415069582,119.91969744016,-0.0601066120929844
"74",74,45.7029500356161,-0.0130978226242656,94.1322352225193,-0.0421840579076034,41.0370346692207,-0.0157390949040833,25.8752317454849,-0.0147087036548597
"75",75,77.6922057913257,-0.0376527859805029,83.0593502204847,-0.0467972952480734,98.1937856830127,-0.0499971882953406,136.931496325838,-0.065349802566733
"76",76,141.567240382999,-0.0572237759602409,155.135342831641,-0.0717532215342806,147.056048659105,-0.0728155873542325,137.561660895844,-0.0750793418473882
"77",77,63.727718668189,-0.0196648450814833,121.567559646308,-0.0600317261056864,71.5505144726362,-0.0296366257024205,68.0133647204552,-0.0270462634196469
"78",78,61.6391902433552,-0.0314657156248242,98.5877883064713,-0.0401419161488358,104.28297748054,-0.0504999690543506,105.905282403092,-0.0508918037837919
"79",79,34.8344264521593,-0.0168468634885129,94.774595568716,-0.0618320510651656,61.2729843098855,-0.0357955205715365,53.9760511856637,-0.0386569935005106
"80",80,109.977779103894,0.0653654252053155,253.790040424959,-0.0269355025772079,124.622835480022,0.0601900313384533,133.023071436205,0.0412747604981358
"81",81,104.125474073438,-0.027336850318417,137.386963446476,-0.0370531405842559,80.3550141078399,-0.0205655747887623,80.7413990053631,-0.0211781857814194
"82",82,41.4703447960583,-0.039900228923639,51.5692341605995,-0.0405295548531402,53.9693137198146,-0.0510632700734504,65.4407814647225,-0.0464321266968326
"83",83,11.2015662026661,-0.0318623528372042,44.7178148552457,-0.0556058812558342,17.9073882673792,-0.0298966829494253,3.59371153358577,-0.0300762681153021
"84",84,-32.2740750270668,0.0145143071527766,-8.49633243467952,-0.017884915367145,-7.44982030720803,-0.0153537412594487,-7.7517049703446,-0.0171532829385418
"85",85,97.7438189256695,-0.00151236118751522,125.449958002979,-0.0195260083147162,112.180627861829,-0.0130706769618472,114.486651618257,-0.0163928605102748
"86",86,34.9131265987057,-0.0512179214387333,55.4917823058813,-0.0618698302742349,38.1140293425756,-0.0601058110895846,40.9975580051046,-0.0618195362951792
"87",87,-38.8121565715192,0.00127932319574005,-39.1836575375528,-0.0226932245170866,-15.3762615849778,-0.0209095967541971,-5.02051927068497,-0.0210810339576699
"88",88,34.1403514057542,-0.0266440553046455,65.7713962363282,-0.0331102431220873,51.5776126624937,-0.0294541013743812,90.9745402848635,-0.0495406058798324
"89",89,135.442078559915,-0.0456074319027265,196.189157097634,-0.0684588500445089,105.092505332278,-0.0292171964098691,152.382306310129,-0.0445697934299428
"90",90,-23.6409738301054,0.0214423659202803,1.71121479056865,0.00206405337553725,19.3164469960584,-0.00272446505278601,15.7332023684111,-0.00239649968645399
"91",91,8.56465648575613,0.00492783732475666,44.94794007477,-0.0332387160551142,19.8237562220129,-0.0271277198079747,8.47506598365156,-0.0254036392061572
"92",92,138.505888040448,-0.0053077133840827,156.449408784363,-0.0234448114342533,147.560274531951,-0.0239885198335617,145.830194328745,-0.0216434838758006
"93",93,46.1740481860843,-0.0161959355554534,94.4815198552656,-0.0501084244552306,16.6263140959991,-0.0128809179386276,38.3622245852993,-0.021624703089764
"94",94,50.2215970446937,-0.000281111893951233,24.2720397252083,-0.00831645632466024,32.7824236643687,-0.0194832251662946,52.0437257078948,-0.0241092537708871
"95",95,30.9077768851876,0.00170296260273592,33.1686974319528,0.00768529977474081,35.8491475005198,0.00116685340078881,40.736745538052,0.000454285982349709
"96",96,26.5025356483461,-0.0154848418296732,51.5721717047745,-0.0339562329490985,64.0420181292911,-0.0336618093231604,72.1234601169952,-0.0393729866463302
"97",97,65.924658128974,-0.00706717722465308,96.2104644222054,-0.0333169839816666,90.7131814810659,-0.0357424725067051,98.9869341017049,-0.0233510721311609
"98",98,-13.1384087314118,-0.0326209353291435,9.27258492835381,-0.0630823014120066,-13.6944811053731,-0.0463091789747867,-15.5440194226584,-0.0495142966643398
"99",99,9.71731242528631,0.00771789111417157,35.9293825390678,-0.013166239836541,18.3679756351053,0.00121114155924126,25.8534544664692,-0.00587351520173588
"100",100,126.60338462758,-0.0517624931607846,168.883399394789,-0.060578084346478,159.687905134688,-0.060322419912334,149.851684309983,-0.0579480934817047
"101",101,91.8557054502148,-0.0394594899360901,166.2545100198,-0.0813742318173465,153.58702244612,-0.0813420293773623,143.161706880023,-0.0715549906398523
"102",102,124.877239966615,-0.0532759073263305,203.276365851657,-0.0909186249260548,152.169773938889,-0.0575629243002302,179.940057417305,-0.0686952895937096
"103",103,57.2706116128356,-0.0367966989554806,97.5356110552748,-0.0482560097754099,66.1623984887697,-0.0455508774613959,64.0780609281897,-0.0408329213741585
"104",104,112.5249540563,-0.0562756185723377,167.27051581419,-0.0855857928104109,103.309079892974,-0.0447797009537814,138.161412620135,-0.0692830820809161
"105",105,67.285765382112,0.0132557327775428,74.6065796309995,0.00384873864194031,89.2061905198557,-0.00104653209918504,87.9455728510465,-0.00796260922576712
"106",106,68.9463859254342,-0.0155690226784569,81.7279057751393,-0.0433596974953417,64.9347091620757,-0.0401862192516751,73.5379597714408,-0.0447986516241646
"107",107,63.1506595637825,0.0266765724307432,82.9350323378403,-0.00161828341784107,86.5219230046928,0.00475779097785797,86.4599464923216,-0.00139437006679054
"108",108,54.8665966274657,0.053229240099941,59.3935885250253,0.0347990093894123,51.8182925296992,0.0470637641131314,51.8781780506088,0.0440925879967769
"109",109,94.9352821821753,-0.0249035742257023,77.8456868488411,-0.0332372203420115,104.390294603371,-0.0326535522284395,101.582393688195,-0.0366706923405872
"110",110,87.7447296390455,-0.0309338414494998,113.183783448654,-0.0440213568412387,97.113657338185,-0.0503506480272474,96.2639229782637,-0.0500127860649952
"111",111,143.06321749064,-0.0550120266409098,142.498126105776,-0.0576504287662765,156.22626364562,-0.0661101085365081,163.436160442652,-0.0682813929576328
"112",112,66.2531128750079,-0.0419301507771094,98.0199463260724,-0.0561439505159711,88.0564299937951,-0.0546387994200775,87.5764244956118,-0.0566429481334729
"113",113,113.042533659344,-0.0192299779627058,137.405127209697,-0.0437967035083093,104.090026336691,-0.0360060271420633,118.690005161524,-0.0378135217066648
"114",114,20.7842482638789,0.0254497958959354,21.4757382507782,0.0198388435474686,38.9953887758857,0.0140092007494226,44.3942672776967,0.01272397651982
"115",115,-9.05180812387835,0.0299712500359382,77.6612549906872,-0.055243720387219,-23.7689357156946,0.0269382892179131,-1.71183489552807,0.00792214993039283
"116",116,52.6848012490864,-0.0350122424853978,40.66778868246,-0.0377212094675876,41.2264582256521,-0.0417778332643835,73.3702272862586,-0.0408773027688119
"117",117,100.509131709644,-0.00370896850233554,118.050452037554,-0.0150594950390375,129.104707919475,-0.00420108328394597,135.533709321137,-0.00967319785164604
"118",118,-65.1476232857572,0.0256355019938692,-60.1635494454272,0.00247694021269904,-47.0111444269032,-0.00321387408699944,-57.8153887650732,0.00259154038547632
"119",119,10.9166264700079,-0.00291284973786979,48.1238514960219,-0.0152922660330447,48.1849652678566,-0.020618645379196,63.518031045704,-0.0273389841392153
"120",120,-36.2674001170822,0.024694447653163,-26.9080696360438,0.0211116403679589,-29.3070515181548,0.0246941486674548,-21.3226296880941,0.0212691689649093
"121",121,66.0212370093504,0.0308179679606354,26.1451209405218,0.022458508843665,39.839224669478,0.0104835932292908,76.0929379087627,-0.00536207862093044
"122",122,34.796932799024,-0.00951373797425381,76.5598264856412,-0.0380257600758347,64.4736666576409,-0.0264476080801619,61.8747956067213,-0.0312989718416432
"123",123,218.639913791183,-0.0504480830076577,158.002644198424,-0.0556154787356115,182.350702023024,-0.0659969065767391,178.485974892858,-0.061038456880033
"124",124,-21.9326901948498,-0.0248642600397357,10.2418623766307,-0.0357491166118972,1.09534839810794,-0.0321391545401171,27.1222003733497,-0.0430836441106705
"125",125,22.5234873029908,-0.0115249944349563,16.3609976192251,-0.0162197875317721,41.5789138616278,-0.0265115987198201,40.9424449092341,-0.0271179636831094
"126",126,53.1045555177652,0.0111204541855116,43.5618371927972,0.0107968041426456,62.7750378877813,0.0108724786436357,44.4758669066332,0.0146477119579551
"127",127,35.4952070942195,-0.0211403444101819,29.7097621207845,-0.0353935448572761,24.4667713180115,-0.0347612314709823,24.9568362279568,-0.0334709487391056
"128",128,108.981233854523,0.00310830306023667,73.1890392582268,0.00377531442503024,88.2478004877339,-0.00249543919790467,56.5575076435595,0.0200172069032125
"129",129,72.2803892270831,-0.0189426733370999,104.969306270359,-0.0305051706780443,116.873583921762,-0.0380824558160594,116.748479231593,-0.0329770707532544
"130",130,25.2767586870837,0.000808398435127283,87.4047998461701,-0.0101331061459993,61.5689124327751,-0.00819069175406442,70.3926449116494,-0.00916368699174129
"131",131,3.63173523269961,0.0711750771489829,-7.37485893424537,0.0575523210742794,20.3874234895443,0.0520656813780219,7.51550528556837,0.0513862919979941
"132",132,21.2143832158358,-0.000544435042037605,28.2680522893606,-0.0297619783149166,43.6916784461114,-0.0300863381859899,44.0658666777065,-0.028687829020942
"133",133,126.446308030339,-0.0246725886605335,121.143544784251,-0.0644448536710274,99.1826219217319,-0.0284850780180391,101.359930972122,-0.0295863793840664
"134",134,148.062429563955,-0.0606812495988537,192.386638874426,-0.0881891709590881,196.237995353138,-0.0842715416963956,179.466473294769,-0.0774928640357017
"135",135,132.527367419297,-0.0359435964481697,150.190689900607,-0.0485058890758223,157.674988955081,-0.0440674492001172,161.763596172112,-0.0491006308362194
"136",136,18.7838237822484,-0.0156662646490879,8.48306124794362,-0.0164900843661094,19.9036958696811,-0.0132088663617512,27.9734297383307,-0.0207189081556342
"137",137,79.6359806498135,-0.012059394698934,114.767249776394,-0.0349498068790453,94.6788613698036,-0.0235476675196218,82.0538776508218,-0.0206145859775725
"138",138,83.1188899423378,-0.0867127799253646,140.955645184234,-0.109583500400266,83.9576458050742,-0.081693696092895,87.8533020092182,-0.0826421891081577
"139",139,-11.2745829220457,-0.0263271679419094,28.7745097003881,-0.0444746684605254,9.53189706887133,-0.0336521116801367,-0.607321741280605,-0.0267589689158544
"140",140,104.614558342353,-0.0116165989262862,87.4160983332827,-0.00443526768799957,99.8068847195382,-0.0122196988788666,107.600132027501,-0.0183498852777084
"141",141,14.8481682853389,-0.00585377084670793,30.8095212432627,-0.0106699685428418,56.2346657443068,-0.0172559510566855,43.5605249526068,-0.0152813400276506
"142",142,21.7541587792607,0.00510835977184591,65.2571461170301,-0.0195643256335208,-10.7870963441387,0.0098244529599703,-31.8959396164138,0.0176971004057169
"143",143,79.7890179147671,-0.0621906562869779,45.8255670400417,-0.0678927537319202,45.64408058564,-0.0672516087605488,68.0334852827734,-0.0778638356664025
"144",144,136.023160058912,-0.0179208483143395,137.966686131213,-0.0481389478882364,87.7193823169596,-0.0240019382514565,95.8630199277159,-0.0268423049400469
"145",145,98.3452769323012,-0.0414408571227335,113.194383592928,-0.058984012731068,118.836815349753,-0.0629896746759105,105.364835962144,-0.0579157079417071
"146",146,51.2417994371372,-0.0153600640114536,52.0931306087409,-0.0175258551179979,65.567919632359,-0.0254486591707061,71.644556509665,-0.0192398870588567
"147",147,-62.5953056599751,0.0396064201344283,-24.7535801039203,0.0176756016788009,-22.6948029490459,0.0138685079132768,-29.7125277101252,0.0155487294627012
"148",148,-5.0910814800859,-0.0182326006297338,23.4713458196952,-0.0272171758340723,8.58653968096587,-0.028233857896127,17.821712116663,-0.027034137245275
"149",149,15.7366470317829,-0.0153797895645877,20.5745329458705,-0.0417317528068414,46.7409772280266,-0.0433137735478248,38.7062924952445,-0.042955650380771
"150",150,132.931582973689,0.00303581069480899,100.066892385664,0.0185617233097166,159.282203246691,-0.0182887295115203,134.782825342627,-0.0170254484808167
"151",151,70.4908154775458,-0.0252316578133307,136.998427166142,-0.0605205821981255,120.362700517683,-0.0520536884676264,108.44925576819,-0.0441200399378384
"152",152,35.3498176346766,-0.0044575595819029,32.3501306872608,0.000167935469737077,39.7567372994913,-0.00566597527213607,41.658885151433,-0.00591566930883841
"153",153,86.1563695475511,0.0107996689283336,125.123600269609,-0.00530740204181798,100.32995659509,0.00846547529356539,112.095400739212,0.00186995252530107
"154",154,69.0924597903227,0.0149035985450126,56.8685045240331,0.00853522924858356,63.966318805642,0.00362676823913688,69.4202224680409,0.00651971266329284
"155",155,20.937443940717,-0.0382845582791704,74.7252335463995,-0.0596951522134208,103.549976123183,-0.0665670051423588,100.091377102031,-0.0602365006786219
"156",156,54.6231219031101,0.0025856072803689,72.9126624401415,-0.0156504852449221,82.8526822357885,0.00535008598074713,79.4984383994533,0.00589629982955143
"157",157,116.296927475336,-0.0667406876221199,109.08100060945,-0.0543663491242534,111.004821805226,-0.0679467351967298,87.5877941691471,-0.0597330614213277
"158",158,51.7836982943559,-0.00772537951264739,104.299818041427,-0.0277664401196972,94.371827346376,-0.0294183712558725,94.5761543939342,-0.0285698892537236
"159",159,71.1458284661553,-0.029140836157738,41.4426614030654,-0.0274275693693636,64.8320943347271,-0.0352062609343871,68.1336910641396,-0.0396554276429322
"160",160,-13.3994914766031,0.00576871375534299,72.2467527386029,-0.0348980562410456,49.1916344889169,-0.013607779782298,37.3038007709054,-0.0214065607205612
"161",161,20.7235790668174,0.0153195754264667,55.9444785459918,0.00346619079595958,60.2359072646041,0.000463890793452118,75.4740182769307,-0.00395149335125661
"162",162,64.2610388921103,-0.0287163058129245,121.593502283199,-0.0421434573163356,99.4121106623584,-0.0352505635024059,113.686293027972,-0.0351470032951533
"163",163,36.0266186971012,-0.0416440358037318,22.863243121446,-0.054400386900567,46.3763005099313,-0.0622631421309805,57.3160314272074,-0.0633102179346073
"164",164,0.942601407406528,-0.0340926309286935,0.700785426877701,-0.0316791425204309,31.2190373929038,-0.0439284688108548,37.641032781847,-0.0521973616136767
"165",165,136.542643043384,-0.0608526670137513,131.696006315573,-0.0695684168462161,134.617669164061,-0.0686918985561748,152.636434044498,-0.0854205254737146
"166",166,42.3169199713202,-0.011706802403339,43.2647910885398,0.00107878506393196,57.1333413447601,-0.00481273761204083,51.2953536247827,-0.00317364732738108
"167",167,25.2730709787475,-0.0192787271448469,11.9701560659182,-0.0213785301749131,31.3034054165464,-0.0268803827356746,48.0182187830129,-0.0395650901526306
"168",168,-7.50171881090455,0.000924259086939327,-16.453925874107,-0.00205051972553585,-6.75480233409871,-0.00870075222152619,11.2223105094867,-0.0171674879161072
"169",169,72.2609028144343,-0.0233494078933111,105.368720931389,-0.0409847812918574,80.4281041828244,-0.0385870843226925,84.057508593009,-0.0520525955675676
"170",170,63.1659733957717,-0.0551738992470153,83.8637866367835,-0.085668885692492,109.715832730019,-0.10294742247543,105.812572550935,-0.110360961579993
"171",171,83.4136634118577,-0.010413458491287,94.8723037423133,-0.0227531118008444,82.0820237534699,-0.0188450671018308,88.7077287998693,-0.023573181874164
"172",172,156.772736715969,-0.0465435380671913,134.677421138077,-0.0426617136590662,181.550054786916,-0.0430348973841061,198.009969821029,-0.0434309999412407
"173",173,38.6305150569247,-0.00620477925372233,94.9767760037453,-0.0389147702148352,77.7541411652878,-0.0228449988579645,68.8592086962507,-0.0185815650810079
"174",174,87.0901734412432,0.00371319431905819,74.1095003061341,4.59432503405327e-05,76.0430389868966,-0.00460603514414588,89.7488200346305,-0.00818877261760037
"175",175,13.9634322269189,-0.0166276347457999,36.8598115225745,-0.0242773810586104,25.1951494084383,-0.0243643608914122,1.31632242106509,-0.0192858967676849
"176",176,121.957079112922,-0.0396254231127225,228.918749142055,-0.0899988519659132,137.334438208965,-0.0627236685546479,145.067218072247,-0.0643875067443203
"177",177,9.01346060377773,-0.0109498141287561,34.5074945664155,-0.035618987267811,22.7476777151769,-0.0307857391374545,42.8138956577427,-0.0395583573370042
"178",178,184.219972697266,-0.065791078686744,211.728740958005,-0.08386284140574,195.169443839223,-0.086072459506448,205.480376709453,-0.081242595485474
"179",179,46.7664706469691,-0.0184954409042126,89.8743456913235,-0.0366757523389135,74.1586351137589,-0.0362467198920548,59.9968489510481,-0.0345699201548405
"180",180,134.430609770108,-0.000112237099307494,101.495032347233,-0.0119352694735519,103.873540871914,-0.00977139811292402,109.755847930288,-0.00755962084970291
"181",181,72.3512952456776,-0.0179481797650227,98.5998032540838,-0.0398530083780448,99.1816652001894,-0.0386045840459443,90.8521284313496,-0.0337541831457256
"182",182,92.297478039206,-0.0422075389647254,133.234815211469,-0.0586595121908158,146.148978451818,-0.0656382435437227,134.476653173128,-0.0639703696952164
"183",183,-4.46702093187378,-0.0151977287222134,5.50264405687949,-0.0195085421496595,-3.56207864571752,-0.0226464454611082,-19.9636224638764,-0.0187855702605398
"184",184,129.776549425562,-0.0164956855626316,151.625350149078,-0.0321576906699877,156.600820703826,-0.0312303427846712,157.799855376792,-0.0302821278044044
"185",185,108.502358504495,-0.0199334297527959,127.633750782949,-0.0421459470623356,137.595573116148,-0.0272219772617622,136.421435101836,-0.0289768200286874
"186",186,-10.3117035122295,-3.62206800183507e-06,-17.7890997833092,-0.00865784171815115,13.6442546207786,-0.0207788040672002,24.0146406376213,-0.020202078631826
"187",187,64.8699627555238,0.00103434617001788,82.3244649587282,-0.0182339323634012,79.0137926857005,-0.00784627760792032,79.7573509106393,-0.00963935765218958
"188",188,-1.85763846065402,-0.00645390195049736,42.2184104168628,-0.0407755401282474,39.8333707668762,-0.0391742183456803,49.0662134771833,-0.0350502836599158
"189",189,72.3172525105988,-0.0524313684918934,95.3581509248993,-0.0701295362447186,71.0745023166623,-0.0532800168828507,86.0263592328318,-0.0578302482041506
"190",190,23.7739878622747,-0.0360873845919394,49.0604451578783,-0.0455880866808063,9.51276534841372,-0.0385646081278807,5.12722362618906,-0.0350342995712852
"191",191,142.165400989062,-0.0428317947602863,165.913536963848,-0.081345173909781,145.628034313722,-0.0617390240028697,153.495561656562,-0.0654658038352745
"192",192,49.7779640925432,-0.040412034513919,84.9479902925405,-0.0390911329139179,88.4139219322246,-0.0392538290134746,84.1204055704685,-0.0373148663322224
"193",193,21.7759633764822,0.00684665859411258,92.2605869736258,-0.0229988035530124,68.2025252002099,-0.0151018819581509,80.1425441223115,-0.0185103362876124
"194",194,51.2168102997562,-0.0462741826127748,16.5818530474871,-0.0340223821421469,67.9875414991734,-0.0512261300413641,72.2053644283474,-0.0453867220441985
"195",195,-6.62366429436452,0.00015488435806478,24.3054672273388,-0.0111886928330255,3.95588334625563,-0.0171288780518755,14.7584844015876,-0.0196746531171934
"196",196,89.8722749021599,0.0202270448548852,91.6417478127173,0.00571375064237452,96.1047019999342,0.0013938794958628,113.500600766421,-0.00568002967735397
"197",197,31.1525568764255,-0.0247109250917865,22.014174736817,-0.0349270117049332,21.6125758436933,-0.0276337658124575,27.1641927910145,-0.0324690663645181
"198",198,-36.5211183376805,-0.00261641878015866,-10.4666442483231,-0.0169909553487946,-7.52096060358917,-0.01829402316666,-15.3878460678451,-0.0186636474226536
"199",199,29.3701089985575,-0.018105813761416,78.4351710503925,-0.0676099505099062,73.183822990874,-0.0387369870153609,71.5381606538291,-0.0394829150160525
"200",200,56.2406172822125,-0.0236467801031322,97.6035111799983,-0.035378650567612,111.769726900626,-0.037793865520165,117.85564878114,-0.0367273068204425
"201",201,-12.1628037925166,0.00191198804310946,103.326071191687,-0.0530533819051664,42.2777779597081,-0.0105300747809284,53.9498195365126,-0.0221933875182436
"202",202,44.4127161092551,0.00738183075904728,12.8933255094239,-0.0037019543723545,56.4206461681861,-0.0136601829385977,56.4730087227533,-0.0113101705131838
"203",203,57.136171111254,-0.0157565316714142,55.0211150529094,-0.0136736088269111,105.194647489698,-0.0344752888281628,117.2041613607,-0.0408340089219121
"204",204,89.5953944331304,-0.0585235132505626,76.9294615850135,-0.0656114186983965,76.6034558403694,-0.0642898629097915,86.0618553249351,-0.0716605271260748
"205",205,-9.56727103882304,0.0359416833581152,-32.3887386689125,0.0429543621046072,3.53372657488399,0.0376430447000883,-3.67777862807587,0.0361913510114338
"206",206,106.446282094939,-0.0445628424836394,109.189110916873,-0.0558998970568398,121.688647386502,-0.0573970391188201,110.921300043904,-0.0571338935117327
"207",207,88.365696750775,-0.0371555023447031,72.6429321156493,-0.0507282289510977,60.2215729482978,-0.0405828759495403,73.5877424592304,-0.0403573813139327
"208",208,76.595190986171,-0.0551569941454589,111.130858990329,-0.0853006323049796,94.2704956556186,-0.0568733901698098,83.4683271552423,-0.0570910306271269
"209",209,59.0538879963369,-0.0605799568548588,72.823713283959,-0.0631644733799625,87.1971655906477,-0.0686915796325435,79.9883237891152,-0.071958386939442
"210",210,137.476368367393,-0.00219087985518801,154.955576239227,-0.0227414703381657,128.057570265867,-0.0122960765207743,138.047865223462,-0.014958231116488
"211",211,162.877167409704,-0.0900380795886253,132.677554484164,-0.0853506168635349,125.670643286895,-0.0866519172681588,116.535965010239,-0.081184256715257
"212",212,90.1019405522634,-0.0084390248490064,79.0756747997029,-0.0165065346483002,84.4059353973939,-0.0205062318968794,83.742972247385,-0.0216546271633716
"213",213,19.9406537150462,0.026436384155419,64.4530037467962,-0.00269862391820888,-4.84342944159653,0.0103390127714375,25.6398482099575,0.0105270938576606
"214",214,135.808738075112,-0.039177077664708,159.021384239893,-0.0470143765236323,165.875564479965,-0.0577282327324773,161.917689053643,-0.0481771279940548
"215",215,5.96783966440807,-0.0234187814166913,16.2797439329747,-0.0217189081950556,0.633712599556929,-0.0167440563050485,29.8024985938707,-0.0308178276852391
"216",216,134.557008571172,-0.0472268856410436,136.193841529826,-0.0655147613898218,137.158165038883,-0.0640931169045574,134.693482314616,-0.0646916754258022
"217",217,-52.4678159331193,0.00424316617984911,-87.4046615138254,-0.00463608268362192,-87.4794408159801,0.00134112741881531,-93.5387460114913,-0.00696757306994256
"218",218,21.9519272761954,-0.000999004523154073,58.1557420595518,-0.0278168041732002,83.3068273280651,-0.0208238767254669,67.5408995792552,-0.0212467595533263
"219",219,159.006512691176,-0.0466708722669342,145.251146373571,-0.0393580144686589,140.209441478933,-0.0458664714908875,137.983437714594,-0.0467703309857743
"220",220,111.550032488535,-0.0318688988831261,93.2460539663502,-0.0574861933575608,161.988250631415,-0.0729078926281093,154.822460315492,-0.0716004611662374
"221",221,119.157210147345,-0.0500354075781401,74.5492988980168,-0.0443071719152952,64.6410265187619,-0.0384925261291347,112.078816378839,-0.0547235938382787
"222",222,68.5134593666958,-0.0257997852821978,47.2717988200029,-0.0296058223492172,67.1424828660802,-0.0339117327734726,71.5797709017971,-0.0339133030659173
"223",223,54.1775000362859,-0.0253633549058735,122.170705087799,-0.0633535930432126,84.0277234611717,-0.054621072294508,76.0575580468609,-0.0516783135615986
"224",224,17.1747445458991,-0.0231444237892238,52.5941025888915,-0.0281627514829529,71.2306361145238,-0.0356993249016859,73.3419504153785,-0.0409861722965423
"225",225,-70.6023340608926,0.0087116009774721,0.87412307176146,-0.0320805310674009,-91.1113737472247,0.0103496013151551,-96.9241684290042,0.00275975716683002
"226",226,10.4586284032462,-0.00471978017002476,98.8671285477112,-0.0545003115877485,3.13240863957026,-0.010959458659679,-7.88656116927497,-0.00650722835714235
"227",227,122.897182047507,-0.0354288968355146,148.73327048401,-0.0544611343172844,123.126874744663,-0.0505804540878126,149.75414520628,-0.059635092412308
"228",228,42.1802387629473,-0.0185927181363517,121.728554820615,-0.0553931734555016,73.228254714229,-0.0271323897934684,73.4277566799641,-0.0283310089968828
"229",229,-8.41162290568946,0.0287450184198791,38.2472546652534,0.0018737732764222,-5.60618577092737,0.0217186605251919,-2.47672589037129,0.0208897248584368
"230",230,11.0978554650856,0.0100183490506307,45.7757920337558,-0.0240582959303787,49.5574916988367,-0.0254454081188071,27.4317466962891,-0.012421557124571
"231",231,28.603961062111,-0.00987844591276441,32.0222227318054,-0.0379369994603865,-13.5161296974711,-0.0160110970165037,-16.9524213290386,-0.0167695797596052
"232",232,28.5261529916429,-0.0359429992243753,70.3706452439415,-0.0597010451373281,53.2745305226381,-0.0517382346598511,66.9911558203744,-0.0627789764990346
"233",233,-15.198273118222,-0.0156026365522651,-43.1646635766087,-0.0111021877211164,-41.0781281212981,-0.00880050150062851,-35.8696957695407,-0.0158059631238475
"234",234,-2.13569837109162,-0.0230998720205705,5.08741749831643,-0.0502991186051973,-42.0695091229672,-0.0318005598590596,-31.8463379616915,-0.0385535726288603
"235",235,-99.8869249414602,0.0339527119970428,-77.995514959433,0.0200483218888857,-76.4006280005751,0.0161462214360285,-99.6677333086182,0.0219311872021955
"236",236,32.0732800219116,-0.0103283088225455,24.4601308280639,-0.0197043982410091,27.2443563182883,-0.0184721997607042,32.6561332910099,-0.0192759181948287
"237",237,32.9037805331918,-0.00744504109493921,46.9507560748702,-0.00592802193061946,42.5518921506696,-0.00958565040273958,46.3810759364834,-0.00681623693120512
"238",238,86.6679757728011,-0.0504425067827155,118.632250018637,-0.0585254597988231,138.874539355766,-0.0677378305016665,124.651503427676,-0.0649732787100369
"239",239,33.7649954880621,-0.0508824776818635,42.0395464260596,-0.0519038412860148,37.4639900233828,-0.057512391212147,55.2858608844767,-0.0648688820050444
"240",240,67.8409353197717,-0.0458684588737677,88.5179833461702,-0.0540459813672238,90.1473313586907,-0.0541713842050198,74.2651216713189,-0.0577009635214334
"241",241,-8.42220824754941,0.050167042068494,64.8245378313413,0.0211347114815591,37.6332225696347,0.0234851315913724,31.9639545904758,0.0221080321251554
"242",242,-12.179348787713,-0.0273538856596775,23.5564656409647,-0.0487654840225297,20.6399612540768,-0.0482670435331953,9.0392972064149,-0.0446448719487457
"243",243,130.331646986983,-0.0262100650027357,175.640412199658,-0.0566977712808133,148.210391565611,-0.041713433765179,121.397007140328,-0.0368391631026697
"244",244,68.2493802559238,-0.0247367747261638,57.5502806177246,-0.0353295905376466,72.4933030073084,-0.0285366635409438,87.8642425366836,-0.0244681955401365
"245",245,78.758340710664,-0.000317343104749013,105.181626522678,-0.0245886079768541,113.699227881967,-0.0105414774352129,121.138809206932,-0.00542676144600372
"246",246,109.547389895581,-0.0413921612622483,85.014410352685,-0.052841553798744,114.108456051743,-0.0596638050774347,119.118529267232,-0.064712351775498
"247",247,23.3561448282594,-0.0107154376783229,53.3098993926433,-0.0265706480336757,44.2878189221478,-0.0229324727835428,42.7689377808435,-0.0219331433749385
"248",248,43.5423024448814,-0.00085069394468168,43.4335840448712,-0.00474543846363695,88.5312954659294,-0.0258902784716921,83.7174574044205,-0.0245400017800653
"249",249,-6.5771486337535,-0.0236255667330376,-22.8088449165407,-0.037450225765854,-34.5210729927339,-0.0112612041283346,-34.7560765076544,-0.0221186414678943
"250",250,119.275971969862,-0.0522828678613915,159.541668454548,-0.0566247779669983,149.373418410415,-0.0860633905836072,159.179562065042,-0.0779781313079876
"251",251,44.8918832983818,-0.00318794360844545,106.436094010569,-0.0473017560925819,91.481132068548,-0.0343080706447126,98.0636017606357,-0.0349888443108782
"252",252,48.763446914083,-0.0287971919941219,68.8027023056102,-0.0483815057665931,53.6597813717422,-0.044934192440314,54.5997229996228,-0.0451439054420572
"253",253,63.1535322947957,-0.0197888132656534,46.1307910172472,-0.015525380585168,99.3472269737726,-0.0333076808197675,94.7250649223309,-0.0305982204883712
"254",254,76.8777338393234,-0.024792983829487,100.141421004232,-0.0321305610502627,61.6048109000476,-0.0352337541650611,65.6443552777993,-0.0236268242541369
"255",255,34.0261709577535,0.0680363724150754,56.0278863342955,0.0587054579770374,64.0409767931415,0.0550297080733417,62.344607331611,0.0633783342506998
"256",256,88.1811511964866,-0.0492844135963043,176.401823224136,-0.0995766895638363,138.101837298594,-0.0732923826563581,147.265263800759,-0.0778913010449262
"257",257,61.4932654106892,-0.0130121818857427,96.1878618090805,-0.0353843117490307,100.938021851652,-0.0338734506658762,99.0498952739715,-0.0342919343162609
"258",258,73.4703676091854,-0.0655525204873162,134.024147411927,-0.0843089440238023,116.493532111185,-0.0823909228722989,101.190718659091,-0.0864380373427212
"259",259,93.1763326566361,0.0131422246211072,105.146716126131,-0.0146190973571589,115.716444596006,-0.0182229143163388,111.01935610297,-0.0136662000764364
"260",260,3.76016013252774,-0.0226957290698242,-0.657620668589516,-0.0193384808064194,-10.7306712723012,-0.0232083389145655,0.13285319308393,-0.0252122285111156
"261",261,77.7576493430602,-0.0189226249637412,60.1590333992099,-0.0331175563521506,57.4283594138956,-0.0396003743906869,69.6099421205647,-0.0359688969112109
"262",262,82.9683273793376,-0.0465218416897434,102.551555223652,-0.0591460294580327,81.803527140768,-0.0632415225232128,97.1930689525327,-0.0752563274111762
"263",263,55.5580066225016,-0.0300798726676341,64.8398640067262,-0.0488615492405641,103.079676210114,-0.0515042766587201,82.2828982889902,-0.0495519017064887
"264",264,59.1367769203621,-0.0129391335114696,57.7190235748508,-0.0221809058517395,73.6488620438822,-0.0189737683677755,52.8866331005396,-0.0181044727849408
"265",265,38.4759261923491,0.0200792728249653,99.6790267813558,0.00724418688497001,97.1186707789266,-0.00362004590214578,80.218543355999,0.0131419864771415
"266",266,90.1538031168852,-0.0414994345248629,73.4956285797421,-0.0526981159404257,76.8494257351654,-0.0569498852552577,54.4508944547605,-0.0452330580681305
"267",267,69.9379521154424,0.00251897666169794,70.167670719974,-0.0180914699032237,68.9828826152457,-0.0251238762794847,80.0177521952346,-0.0308952701417655
"268",268,37.8444234203912,0.000915528539532889,69.347537811333,-0.0168311005114068,73.3214525948747,-0.0186241989123912,76.0390586780831,-0.019592758760621
"269",269,31.995020975186,0.0549795479535708,77.5546816325,0.0374793302869552,48.3640661291643,0.0301720089675737,41.4063440193767,0.036710668876432
"270",270,-58.0519914928504,-0.00277259220202178,-45.2103542625687,-0.0409217920486129,-38.4214776416211,-0.0350265505523203,-44.3755340617247,-0.0379679221656738
"271",271,101.456309251199,-0.0384851814234469,134.064261711681,-0.0697194407875133,101.354867532601,-0.0551108016426457,82.6942206847218,-0.0530065109945258
"272",272,-23.3622943468499,0.0295120803693941,-41.8485219248282,0.0146264257340733,-46.3663227504353,0.0183927992098963,-28.2045587247217,0.0112730469913548
"273",273,117.75209358801,-0.0515801728878878,148.976261262302,-0.0922857885572869,128.477701341101,-0.0647462562432526,151.256043523595,-0.0779697284745261
"274",274,119.832076347019,-0.0243101603153973,62.8816268550067,-0.0245807941648497,142.368170864654,-0.0519559849180365,158.102673072938,-0.0596521517075987
"275",275,128.653202226517,-0.0662404355075391,171.808812804038,-0.0948428325486481,96.0376971021506,-0.0582840494652091,99.1185462622493,-0.0653074242174588
"276",276,27.5250119996426,-0.0269085020033407,15.4147815887991,-0.0261058453852517,30.3888442219713,-0.0243551984137712,47.550693008036,-0.0273546953262358
"277",277,16.0168396517015,-0.0265855484337014,73.5028601422264,-0.0502046671933605,50.7720404745291,-0.0388755835339627,23.1162453404301,-0.0409954907521391
"278",278,52.7847291057074,-0.0282394088300848,92.5252996227996,-0.043853976599041,59.8451600417629,-0.0269159144417505,71.2072725849746,-0.0343354805446309
"279",279,45.0996514565172,-0.0163013384807892,86.681114738185,-0.0354448348020362,68.3454126158508,-0.015199586064185,73.1520466996509,-0.0199958080078693
"280",280,-59.4233462240441,0.0192362607368222,33.9606885601343,-0.032333304142658,5.30016936890433,-0.00297843572856807,19.0012480952855,-0.00460770857352081
"281",281,78.632513447948,-0.00171307577694785,130.660441872608,-0.040956612251782,143.208424791747,-0.0375096195291393,153.31514880213,-0.0357288046614958
"282",282,-70.8835341825625,-0.0182277986472254,-28.785743468115,-0.0248395371306338,16.3663234215192,-0.0413603248870696,0.684114744740761,-0.0315302701114872
"283",283,1.25733072035609,-0.015754535889795,41.4163671734505,-0.0601795792607657,27.7264628404705,-0.0337899480074127,58.3062463211755,-0.0476390726811414
"284",284,55.2721738740993,0.00707991599976276,-1.87558851868789,0.00565932983871621,45.803502669396,-0.0048674848330818,40.2329920267864,-0.00497239649611033
"285",285,54.2113841414957,-0.0340491479612415,72.6691206509154,-0.0462541752132847,77.02624548627,-0.0480187777411464,65.7844541022411,-0.0492288662553834
"286",286,124.333388841976,-0.00907621945503179,78.8325117822442,-0.0196714485999225,96.5693691778283,-0.0292388950927561,100.784207753014,-0.0310555654125666
"287",287,97.1296581337192,-0.0186885380305656,80.3210278345159,-0.0242173540154492,60.481360328225,-0.00722196357155551,54.4959869403248,-0.00568571121827694
"288",288,-29.4148167312592,-0.0167844709527941,-39.7355217950035,-0.00948125514191468,-16.0760475227216,-0.0292539517376489,19.8270601632051,-0.0424724297333075
"289",289,133.265376463999,-0.0286705713517779,106.630907639895,-0.0466917924547447,117.795178290564,-0.0531119581223081,114.820631226353,-0.0509769516470547
"290",290,82.8566215775336,-0.0206115774682416,118.342891179895,-0.0312917198775714,134.515483264139,-0.0311877534002986,130.367017669729,-0.0319987883443955
"291",291,80.6942120009267,-0.0498112500825545,98.9939861732282,-0.072785115814219,97.0351244944704,-0.0836496608108933,85.8944611206707,-0.0713745957747291
"292",292,95.2254612668453,-0.000996250306952731,102.403951922791,0.000634217156928601,70.8238830243176,0.00424544148187603,84.2458449499787,-0.00731492929934024
"293",293,156.234734196985,-0.0425910767552474,158.295034384914,-0.0417315866183061,155.341968301057,-0.0490147488197609,159.044494979151,-0.0552047882482453
"294",294,6.28934608825421,0.00826661961193824,24.8478941280168,-0.0115221141695268,23.8591622516369,-0.0151117688128823,-6.33208516726905,-0.008944533132292
"295",295,42.5320882501042,0.00514831578110658,27.7980297311146,0.00547462499231949,1.81756113196934,0.0144682942898409,-9.2404141700832,0.0210672971380657
"296",296,52.4425671308286,-0.00907188503444753,72.903689326341,-0.0245871002730164,90.2338585860794,-0.0303918434880629,95.8788386311335,-0.0315856937606651
"297",297,-10.6504176118947,0.00187100058864503,16.2592927467704,-0.0324408804874753,-27.6093812261715,-0.00663561002521861,-12.6313712868356,-0.0130455044171328
"298",298,106.177992204397,-0.0163248309346258,146.187792007063,-0.0338890165820693,115.109477155148,-0.0192756747163975,143.955471697528,-0.0377568956566215
"299",299,-21.2467478413491,0.039428435066441,-47.9386580028067,0.0341232009292583,-42.8357181382676,0.027860914711796,-44.6061469594515,0.0293077452033169
"300",300,-96.1061261065774,-0.0125005329344441,-6.65292208226356,-0.0391621346600771,-53.284880636365,-0.0224057706194436,-56.6093586110398,-0.0193488167155739
"301",301,51.447190551261,-0.0081478272558697,106.844771965295,-0.0492841904277731,60.0472715416959,-0.0299911073793797,65.7517268704666,-0.0307229014587273
"302",302,22.3675223605078,-0.0253142009220273,6.00930473284461,-0.029886050952238,6.69888466399561,-0.0303581456223739,4.82089839919282,-0.031145972133094
"303",303,67.749941628857,-0.0155855668080055,40.7531898904672,-0.0199056503743062,54.041455454359,-0.0218920012271287,56.106373675661,-0.0215620614686795
"304",304,53.2241237399917,-0.0254005634301709,88.1703427991133,-0.0426858025081467,86.7667882394198,-0.0506571900101357,103.81801158808,-0.054212640893726
"305",305,-20.6567773479646,0.00799895518806154,26.8528012058023,-0.000241382623369549,-14.1314901705559,-0.00590315119750334,-14.1146659758718,-0.0104629239133524
"306",306,109.799019493309,-0.0298600828079507,99.6798889970055,-0.0434622158873367,90.8778499406385,-0.037872708018275,107.980930656168,-0.0513587069251671
"307",307,-23.9592851374996,-0.00588834549888075,-29.4019855655965,-0.0130984132019562,-32.447196330616,-0.0119613410139244,-24.4280417713064,-0.0116328011007632
"308",308,-14.6949737037839,-0.0415479570820882,10.9023824739284,-0.0573768275383383,1.62704451728496,-0.0548211834931744,-6.24175156049771,-0.0492688195921295
"309",309,119.167468707392,-0.0342494204193934,143.494104447489,-0.043288158511921,129.173067133026,-0.0468966131167551,118.890297050772,-0.0399708905365798
"310",310,18.4566024873561,-0.0188432540876875,126.396883212669,-0.0572599245258171,31.5054126920008,-0.0305947753793916,36.470414916402,-0.0289448950119874
"311",311,78.128933644387,0.0141237633769621,76.0587974905889,0.0239693880644271,100.613615976662,0.00662095462267653,97.6898610383901,0.00809966231036184
"312",312,48.3541055953024,0.00210757297357392,52.5383438542049,-0.00530599480331773,52.6830942313068,-0.00408197526913458,73.6167096701381,-0.0186633120067249
"313",313,68.7036914234782,-0.0161900025060173,77.2138586913666,-0.0405496694599111,88.2463402895896,-0.0395982157884878,86.542272399633,-0.0409242004405063
"314",314,-5.50521560463312,-0.0220059842445261,17.4507001819393,-0.0213145013990848,21.145502000647,-0.0240836173623291,50.0181837409629,-0.0384878787038228
"315",315,104.659722485747,-0.0390638405114705,75.3909912766617,-0.0293011297313115,135.18021195444,-0.0519616229615469,115.525013869043,-0.0464509953591251
"316",316,64.9927921688413,-0.0293446284927186,84.5574428925052,-0.0262059014714221,88.686116285855,-0.0320404350358826,101.930867146226,-0.0393904350884989
"317",317,143.422581742049,-0.0526644004985122,182.452317819112,-0.0952448809130324,205.060990189963,-0.106771066699204,217.760898325036,-0.110276135635025
"318",318,124.096847518122,-0.0376748045630848,194.017496869934,-0.0646080167986204,153.095178917883,-0.059559877279929,143.521259040618,-0.0612346413414504
"319",319,14.4118672725322,-0.0174009012418033,7.2572769630292,-0.0219280735354943,50.1521028305988,-0.0425245900933253,49.3772605826609,-0.0474174485521075
"320",320,7.13049777692368,-0.00267175809076244,43.7815009469446,-0.0207889332799153,25.5694410931992,-0.0319120403562037,22.195768614649,-0.0303117227299391
"321",321,52.7514011813751,-0.0373663336060591,57.1354457569778,-0.0405660422973483,88.4541407460911,-0.0600895505551557,70.4845899642887,-0.0477346262280246
"322",322,-7.02812849644306,0.0155037589816591,-9.07433449383325,0.00705420619780951,9.12248330275906,-0.00217004788641492,12.8805853451898,-0.00452392730362608
"323",323,108.080274473985,0.0103507326260715,89.4026686994794,0.00242334571549317,104.030171261651,-0.00120853270572362,104.100771247569,0.000714974458596746
"324",324,46.0489654275666,-0.032011979296462,110.86607037838,-0.0482417867484768,62.7663242934736,-0.035920357836804,67.9690482640378,-0.0383602161692163
"325",325,94.2310674053629,-0.0382029984207378,113.220322714743,-0.0546035158586518,118.116926470445,-0.0603983623890469,140.46831641439,-0.0648864611689933
"326",326,28.2178490293963,0.0018087525914848,57.1390921605266,-0.0231077610743463,25.168210380074,-0.00656967770260365,33.4007941792864,-0.0106402727536646
"327",327,80.1171406126095,0.00159056857874304,184.486405108185,-0.0626329905179903,59.2132745221138,0.00205767073620593,74.4451207895779,-0.00792688853570692
"328",328,97.7034908233459,-0.0304720621075805,161.134298092026,-0.0454192987298091,89.1571605572321,-0.0229537594172333,90.8999744402782,-0.0223229365551927
"329",329,111.478240844096,-0.0381190825388669,153.526644917145,-0.0615676036905577,157.736808568518,-0.0613572014275681,155.494248553496,-0.0579187506129254
"330",330,25.0177243423805,-0.0316580659595387,41.3082276227028,-0.0397509222558984,21.7020386896343,-0.0394224081009214,50.6120208561815,-0.0460320231959843
"331",331,90.2970393726055,-0.0126190077897874,144.840838970542,-0.0162837591966095,93.2835835467581,-0.0128725704845884,99.6514806083706,-0.0101512590602983
"332",332,81.3853794911465,-0.0192027186731732,129.745784816781,-0.0368611619034214,114.251115482444,-0.0379190371097236,114.733049947573,-0.0381883608564551
"333",333,152.953614053408,-0.0584976388361305,137.597435244609,-0.0711640869806805,179.65561265741,-0.0992840883295433,192.617357766319,-0.105709201834043
"334",334,-5.40661646520311,-0.00335317726890616,82.1689043661495,-0.051035838401183,-15.6488193207997,-0.00734189719289328,17.836305186901,-0.0167652190717206
"335",335,-11.4036399050005,-0.00626433260164998,-49.8887492716431,-0.00662659749341081,-34.7815950032159,-0.00494776618257825,0.355539899838146,-0.0265517214002291
"336",336,113.279647487177,-0.0394684631465655,104.298161529359,-0.0552123776892331,146.129384409129,-0.0690038577800037,136.164565456431,-0.0637825517676955
"337",337,85.8387379167893,-0.0158861656629662,67.7717349820946,-0.00719404440580164,50.4139678652937,-0.00558637545818762,71.232499497439,-0.00793504545085961
"338",338,154.544556854995,-0.0382837112045477,150.164424687835,-0.0493219732772716,157.037434702849,-0.0517290268202565,187.745308226658,-0.0636709205975668
"339",339,81.042406311346,0.0173884318650187,127.896788121824,0.000830132084795432,121.347362965515,0.00100623248103493,107.805900831108,-0.00102438729117683
"340",340,-4.21370734264565,-0.000150518455956261,41.6803361760626,-0.0149268672856079,48.6710881262284,-0.0190221526001082,47.3861523442694,-0.0197245862738974
"341",341,124.878342546205,-0.0399610913404498,108.520387079951,-0.0548867896690126,123.617303860194,-0.0500732889514596,115.038859032544,-0.0495089178058934
"342",342,127.67746638951,0.00937267734139147,189.484247036619,-0.0150474388236118,136.772357360731,0.00474920144151025,138.125486373149,0.00383117964135381
"343",343,71.5374622473873,-0.0197332102045499,113.236714280779,-0.0473669910402112,86.7133186657247,-0.0324175252048652,87.1697733672033,-0.033518630364741
"344",344,149.494810980857,0.00228859774898436,175.767601207068,-0.0131338693639853,164.804822783367,-0.0138988774824722,157.496976245109,-0.0122497692619864
"345",345,65.9998737917858,-0.0371035328670375,92.8081961525022,-0.0564894546935984,93.2193299994287,-0.0646669144560118,119.303219360458,-0.0730883977816677
"346",346,9.84372446396037,0.0144322693030187,-37.5455159858329,0.011795137923149,-31.4482762134171,0.00824351768883874,-32.0778415101431,0.0081085512746473
"347",347,75.3881572710925,-0.016310258506003,77.4928616255265,-0.0115025921550832,93.6974303375605,-0.0208825631594047,87.2903656919534,-0.019283271686789
"348",348,69.0580275124148,-0.0156331387138251,85.8185216894699,-0.0210760103175518,88.4051541491085,-0.032473918396671,120.11677993395,-0.0292338764704277
"349",349,94.6630396978512,-0.0449755650150156,135.041475346362,-0.0692154423437318,72.0390681048711,-0.0318650988708056,71.3035492490667,-0.0336321612578177
"350",350,7.19049492397062,-0.0180456285700955,44.5383873177334,-0.0359417530994345,58.4724617114766,-0.0560033800950507,57.7440221544125,-0.0606369364172876
"351",351,86.6910320511251,-0.020882564379827,129.218303712163,-0.0339348130911636,101.232218826322,-0.0409776016639971,104.272994571211,-0.0399241106532632
"352",352,103.990699391366,-0.0116345484506533,125.69428583922,-0.02192244823805,102.274469442054,-0.00628845647382673,103.112493512703,-0.0078444877559082
"353",353,-20.2077534492491,0.00824759793962609,-9.52433269287303,0.00944300996287838,-25.471797383701,0.00524967764261439,-24.0472111227941,0.00585499996943659
"354",354,93.7868582453484,-0.0308084919165344,86.241839814983,-0.0388734371806643,83.9780850328398,-0.0353068373441988,89.4254817449141,-0.0417676597023511
"355",355,132.214639081429,-0.0237939960661649,135.277367162295,-0.0540488835740525,186.330821981581,-0.081417273721596,184.444497461189,-0.0758169349015669
"356",356,176.985621979964,-0.055146516518047,152.983303660285,-0.0610926493270147,205.901425420341,-0.0672362121627055,204.454513409994,-0.0651152369369955
"357",357,94.516622597168,-0.0275602429832081,107.231593368959,-0.0512575461034815,131.426448580599,-0.0422290682957911,123.778620579222,-0.035848794340872
"358",358,47.4338677549017,-0.00503798485141711,111.799265763387,-0.0585859105897902,67.3204219064019,-0.041874279551128,74.3860107213049,-0.042691981221393
"359",359,100.804067184494,-0.0689347445372743,119.091970822015,-0.0804933784068864,101.073789300083,-0.0853823619422652,108.89211707855,-0.0877939190346238
"360",360,44.4194024225908,-0.0224093378691766,49.1823251164851,-0.0359043153662095,63.9651146519091,-0.0570164740203278,68.4024619225348,-0.0524380482547635
"361",361,139.705022353773,-0.0145178268967879,171.681690274638,-0.0309140370531169,168.392655738123,-0.0375767677289808,171.083063610134,-0.0379129436889666
"362",362,-35.522751501876,0.0267580803540387,23.9348423723559,0.00499112628916569,14.6237586379716,0.00554067198072623,16.4924000369669,0.00273203725374592
"363",363,90.631908052108,0.0193643561561388,113.620725449595,-0.00622318440695251,100.101551310071,-0.00662856171733971,89.1390452002823,-0.00600438749923286
"364",364,68.4716912363601,-0.0341882314352616,182.657950321457,-0.0732096089151915,87.3775233651581,-0.0525845161608915,111.081898609303,-0.0522234695318602
"365",365,67.2428978746893,-0.0262819653278722,76.6612314549479,-0.0471002527389359,78.7921729293289,-0.0441235320954523,95.0518377399727,-0.053683124162531
"366",366,72.2678234714995,-0.0187643839952621,67.9803071195538,-0.0294489777123451,106.859954743917,-0.0250509931539564,118.073115835814,-0.0289647571457645
"367",367,139.441140984438,-0.0369803187385797,159.135582895258,-0.0421633092775176,148.308034709981,-0.0497367933590819,168.534322508878,-0.0534786058505735
"368",368,-10.8736779074989,-0.000339357282127584,-32.2980981589062,0.0156952128293328,-1.42195073237826,0.00798846309740527,21.4701139054379,0.00923230784060743
"369",369,2.94989888781492,-0.0625474622648728,32.0264622438604,-0.0627475837616434,33.3553128788217,-0.0624381894392517,16.3375251809676,-0.0554169320027973
"370",370,152.843484795208,-0.0818962612418325,175.278258794634,-0.108465723035037,135.439351796002,-0.0793809191004548,137.738301361477,-0.090762817045507
"371",371,38.3695921194585,0.00850471690553903,93.8725819157535,-0.00359460700886445,59.0102540872349,0.00330592035678157,62.0737529377121,0.0015945168111141
"372",372,134.785458600029,-0.0252701415698022,173.141523145791,-0.0516040341025417,147.28144644188,-0.0611400927576892,165.003316823407,-0.0549910116457806
"373",373,90.9594055606021,-0.0241511592051374,36.2626400539466,-0.0169107005792926,87.1825411732698,-0.0261409546272855,131.536067758235,-0.0391781577245206
"374",374,196.378118484078,-0.0498370771994467,192.293500924632,-0.0670210131009265,153.316601637538,-0.0636796694273576,182.834743494828,-0.0599789657774632
"375",375,161.016029902132,-0.0235029419931264,171.574902125803,-0.0500959384755359,152.847934853546,-0.0286939527969578,147.331287070594,-0.0271108180962708
"376",376,113.310210036474,0.0304726658216351,51.0735281331899,0.0242563339094352,105.927782969482,0.00371818733148828,93.2256153648823,0.00639994251597109
"377",377,92.907288628473,-0.0192915141640897,98.8731477572178,-0.0260012063155756,86.7859284395117,-0.0287931265095918,95.1006677423289,-0.0304363645247123
"378",378,18.2215190385268,0.00204656888728488,90.3382018996522,-0.0157552203976504,13.3721170928911,0.00471074182979547,44.5894585846222,-0.013074854476373
"379",379,69.6288504626045,-0.0556825054524176,73.3777429114025,-0.0513448628587844,79.8068750116654,-0.0398069408238744,76.4473237344178,-0.0449929201608933
"380",380,59.9637909480475,-0.0229474098898961,82.9258367073935,-0.0584814387456011,118.761385997579,-0.0408646523922942,99.3448828778036,-0.034507990589847
"381",381,50.1046810867369,-0.0351477296918012,77.0325265041151,-0.0462247247306543,57.1251863421844,-0.0463015284162114,55.8897199305238,-0.0443291810730119
"382",382,-11.6237229178846,0.00339396874730932,10.1183974959417,-0.0190235732416161,28.3909298746353,-0.0174095528359894,40.9797644269202,-0.0269028094684675
"383",383,63.5649080080325,-0.0588075519678598,100.365526459572,-0.100987654709672,95.0103823711597,-0.0769494456421168,100.081498286489,-0.080068995175947
"384",384,59.1517712497371,-0.0226839588521293,53.7526611156322,-0.0180562360198021,49.1874307789567,-0.0337607972979612,40.7359185953446,-0.0359095300489009
"385",385,57.5536113455146,-0.0525956520309529,89.6861101597806,-0.0662688803967012,62.3359791111347,-0.0622979824526667,37.2402065349853,-0.051199761328722
"386",386,60.8301986169713,-0.0185562013138236,98.5168417054588,-0.0327223441164099,84.3239608276376,-0.0286957032665035,109.666808119561,-0.0303526681986161
"387",387,100.415566920606,-0.0256076787920889,129.721216995863,-0.0276276039727177,103.203861272688,-0.046912896064064,114.471495316847,-0.0505345834277506
"388",388,78.6768727608414,-0.0564841324631882,58.4442313802474,-0.0608296763893094,98.9054196107936,-0.0695146807389021,99.8816369690159,-0.066182485215133
"389",389,111.559671968958,0.0143614544385491,95.3176838414511,-0.0128583060364193,100.779700712372,-0.0251610923018498,93.3947194063473,-0.0208550080833725
"390",390,133.551619851795,-0.0297287471404997,137.439057286148,-0.0512247386944443,123.091131416069,-0.0480957215769296,135.506065042464,-0.0529316127359032
"391",391,12.4070912479247,-0.0327001179546769,71.0104698991263,-0.0587469369940045,63.3868144607545,-0.0593389396151363,60.4986536872826,-0.0580275769285285
"392",392,58.2235674693834,0.0146222491173546,115.415026045248,-0.00936816821504466,114.082409597426,-0.00422677359456876,120.96850515933,-0.0101358708033489
"393",393,30.0415815485458,0.0254865844653309,60.9747179446781,0.0109707073077452,35.9119640655554,0.0112640178025216,79.4308289435779,0.00338855679931958
"394",394,100.075488630976,-0.0372535441297537,138.796593898218,-0.0492808319415857,106.79788407158,-0.0359169465901216,109.775602892415,-0.0385553208475529
"395",395,110.891073783176,-0.0581642723633127,92.6685494637154,-0.0460504558826727,105.578535077901,-0.0475526253680016,114.765890856404,-0.0534694393762638
"396",396,-44.5666190043826,0.0234004347401245,-0.37407006438707,-0.00515276018345051,-23.8509621289404,0.0122882266172128,-20.0955515302711,0.0153300405948519
"397",397,130.137706510381,-0.04032382781055,132.016499526639,-0.0493441226165727,147.572386240003,-0.0510251626660203,163.675754507158,-0.0562910130890971
"398",398,40.7262756622085,-0.00982112646649173,12.3542574581456,-0.0145049763567732,34.658409147868,-0.018807854991076,34.5434464679819,-0.0167918286626982
"399",399,131.141927604139,-0.0313675902454035,108.494182015731,-0.0510447266346101,184.589829641186,-0.0726318363797613,175.11571011342,-0.0685860391886495
"400",400,54.523664979647,-0.0249159698292765,78.8367524078649,-0.0439441588594428,55.4644728919197,-0.0387334109357967,66.0650630793787,-0.0362806188225183
"401",401,99.8234140543623,-0.00591435186493273,114.823650869816,0.00271140236505986,91.1623979473979,-0.00814295487193593,81.3496086861858,0.00121264134413406
"402",402,58.8343632820288,-0.0243156803062231,58.0483544422996,-0.0132287686740169,62.9408695377251,-0.0231126551380497,79.2087637152208,-0.0339454492156271
"403",403,-5.68153288676649,-0.0154728480574169,-27.009728482878,-0.0195172449292669,-6.33078834328353,-0.0281651372437995,-6.55411543557315,-0.0300019589336129
"404",404,31.5798754131556,0.00501052552041856,73.3688380012204,-0.0198413854998418,31.7535418034245,-0.0103039693980925,38.4727370413019,-0.0126712235918893
"405",405,50.7261218044018,-0.0333893859629973,58.5292454486566,-0.0360201308563507,66.9508113085099,-0.0435332697131228,52.400980097509,-0.035822098825505
"406",406,9.13754511820662,0.0229897298287866,9.68807734514348,0.0165724824132262,37.4701126670161,-0.000560281902301618,26.4187419771044,0.00163389017394317
"407",407,86.0640506401019,-0.00270732272249458,149.930512079559,-0.0142420291166049,143.224059596777,-0.0172712260853787,152.922385027581,-0.0165371207771387
"408",408,27.5438263295637,-0.00998813771035104,31.3532845691698,-0.0388151859030894,48.3154081848747,-0.027417513087326,58.0354581130945,-0.0346999191275966
"409",409,133.677254191314,-0.0415441442412322,127.425166413791,-0.0557120411741328,92.7810467644917,-0.048742129891432,118.128605856728,-0.0565585676237779
"410",410,48.866127877282,-0.0474317116729504,88.8138782169331,-0.0644796861417079,93.6841338620688,-0.0631384350672193,75.697834209411,-0.0558416394907858
"411",411,64.8334199817045,-0.0126507626491445,70.8238860435135,-0.0204861615691163,89.7138827728982,-0.0266073992676822,92.6409725847458,-0.0245044891333629
"412",412,35.3668446127795,-0.0409959925829638,95.5864905353633,-0.0802770839670737,86.4332263077231,-0.0568860199082373,97.643908889258,-0.0667011301451771
"413",413,5.41596758720834,-0.0193915166902111,67.4202379719909,-0.0459808314468638,-17.1321022560642,-0.0246434215733492,-0.52038916451378,-0.0271555200093728
"414",414,14.3406010085068,0.0210630554993288,22.9722310572779,0.00422133120504023,94.106558016324,-0.0081139685606833,89.4631654533382,-0.00705194691033181
"415",415,56.1236102594289,-0.0197888575426219,43.8755940998899,-0.0282966994759533,52.4069266784145,-0.0348626207174225,57.7016874083283,-0.0318624846969706
"416",416,97.2111604990046,-0.0506203253568542,137.644188110174,-0.086771854846651,125.113590766815,-0.0719467678908526,137.005920737299,-0.0712612032125438
"417",417,66.4307022698827,-0.0224248730031908,161.160729173318,-0.0634746519103158,111.297638343898,-0.0458505759053969,114.290541188853,-0.0461911848564363
"418",418,20.6607393173904,-0.0207208057361036,4.79792849916839,-0.026190415897941,14.3677941456399,-0.0299769520821185,27.1519705823244,-0.0318054818919565
"419",419,136.547724425252,-0.00908400401543934,145.10364411975,-0.032668672771438,143.129969260693,-0.0308800586559721,138.150427951248,-0.03355507597731
"420",420,63.2994671570868,0.0211441377859716,58.3186601817906,0.0249947884573939,88.6838603465931,0.0280088647719147,121.467794907154,0.0236354237471653
"421",421,178.088628911038,-0.0150316279818457,159.943259098995,-0.0178172848165466,142.417507794716,-0.00328518708785912,149.968855729177,-0.0148526873075121
"422",422,108.282590035997,-0.0599189829548104,86.4981875387857,-0.0779339764764863,109.548333782443,-0.0840587330244248,100.998415326706,-0.0821418163004657
"423",423,101.306434575317,-0.015458610089276,132.313526801035,-0.0279233091785514,138.896825667324,-0.0337345208933086,132.616832773127,-0.0305269248692048
"424",424,151.071919250525,-0.0329950151688328,146.012950780143,-0.0464990029233915,148.251262248119,-0.0477010248255206,113.264312949618,-0.0325539475049279
"425",425,61.1301719607404,-0.00545967275067381,91.0151482893707,-0.021404207080195,72.7452784925335,-0.0197235325771591,67.2148032885327,-0.0138969853992929
"426",426,87.6793533106152,-0.0380344147613769,95.0258617785216,-0.0576947795256151,93.7062225001514,-0.0582881234908105,97.8241220044705,-0.0598297960323071
"427",427,-12.8228902218766,-0.00989671058382548,59.1321501156322,-0.0410830216451533,44.6112125939799,-0.026313102915304,29.5308350514447,-0.0226912672468442
"428",428,116.497823462797,-0.0598961051573401,177.959006582114,-0.0862929880558932,162.635674752453,-0.0705729192284621,165.698592915721,-0.0790198832030289
"429",429,66.8581613145484,-0.0274208198898266,103.30438784153,-0.0256303585379737,88.1005364280918,-0.0379388399059013,91.987172462887,-0.0378371270766777
"430",430,53.8209996042078,-0.0460754307326591,56.8916597251978,-0.0322526156372119,57.2827238368122,-0.0362656867988929,70.4167575249613,-0.0477771389261317
"431",431,167.220890701982,-0.0685287605451765,217.629909963699,-0.0719240398487516,199.790973162055,-0.0622831873404151,201.074137106794,-0.062884423280311
"432",432,55.7966434530586,-0.0461683285114799,103.814165780246,-0.064761283887375,76.7058670299762,-0.0495523213810938,92.2792036335441,-0.058873011735505
"433",433,90.6154553454808,-0.0215190369599515,73.1086563919607,-0.04017867335013,64.1689482392367,-0.0394988083397855,73.2153034325654,-0.0456046869270052
"434",434,142.848813522234,-0.0560165460396691,139.580460885547,-0.0741931156811704,139.5309338964,-0.0749413266953475,141.035099617448,-0.0692402647325264
"435",435,9.19330109004477,-0.00939563710208886,45.6491152834997,-0.0209208255367579,36.9256671364747,-0.0260536587300863,34.4741349517818,-0.0265141425564044
"436",436,-4.99203430344824,-0.0033150895309256,71.5156809275895,-0.0313155251720536,67.9206465259908,-0.0337587158646181,61.9338759048603,-0.0322020291834777
"437",437,108.778120773545,-0.0583701494835639,96.9342366227875,-0.0596266537348865,114.792098593115,-0.0674720002047856,111.058187299827,-0.0578300351846568
"438",438,130.974949241911,-0.0313127412801731,141.242438183044,-0.043835300415837,159.847435187125,-0.0475379491250161,166.175094276435,-0.0574198330011476
"439",439,-47.9838260549359,-0.0418188205571958,2.68373577204284,-0.0673956664184908,31.6748044544142,-0.0806381383363939,56.3400947734736,-0.0755237338556441
"440",440,54.1378193784408,-0.013713143566333,50.3545820674212,-0.00561249391585183,52.4230801853382,-0.00435766013873604,56.0810032347744,-0.00445429465633545
"441",441,198.766673258236,-0.0336602087150145,185.37263838418,-0.0413539583626871,167.464389555126,-0.0354136458176011,167.273662719956,-0.036534519092125
"442",442,73.67076141608,-0.0233609026901321,9.43436766023706,-0.0186012424926171,23.5317399469691,-0.0271718498856142,23.1263223423852,-0.0228866573816336
"443",443,17.5833234545958,-0.0125724880340556,-10.9280925835333,-0.0171927818952676,3.51717783848471,-0.0273233243151673,20.2060816008339,-0.027070033877077
"444",444,22.518406583994,-0.0125756717768043,27.5424934824255,-0.0105966230186751,50.5523959011839,-0.0169121916707841,46.5060793325804,-0.0117225995343865
"445",445,137.106444846982,-0.0823706409290848,173.804496022948,-0.0933887304305759,171.007945599717,-0.0991236140603327,170.351173732284,-0.100507558077013
"446",446,92.280504688521,-0.0178067624116932,113.188444795473,-0.0302671790883722,76.6022953246097,-0.028245204785863,109.292511501477,-0.0348793243575516
"447",447,58.5307491607232,-0.0116653763882391,80.2732284587223,-0.0246911331630507,43.8376288738855,-0.0170662868009836,38.991627826027,-0.0192026018411711
"448",448,16.8512010515074,-0.00195754315472225,45.7178426229575,-0.0202029927037028,23.2740322948989,-0.00993545567760781,42.5379923938099,-0.0193940866032195
"449",449,98.5713958495971,-0.0431297847022992,105.134639717653,-0.0487710797271289,101.465127259847,-0.0502915415283735,95.531957802231,-0.048054568434089
"450",450,80.9636525159272,-0.0595617408025949,77.9057890176186,-0.0865700398532658,85.4185686888641,-0.0698324150884957,73.6642411544662,-0.065887212828146
"451",451,61.5702358659951,-0.0431222757148337,163.938967635923,-0.0925777821535968,27.9200204419617,-0.0334145069450979,61.5022618287521,-0.0618802237495678
"452",452,131.904367977256,-0.0443887467395968,106.003072135232,-0.0365974259298638,101.432910786542,-0.0366953966834707,101.002250420997,-0.0341261334902877
"453",453,36.5778338176433,-0.0236855168556708,151.410036918665,-0.0677282398056853,138.024493160826,-0.0691042270929497,133.078462037622,-0.0678514898682966
"454",454,26.6576283766822,-0.0175616255009856,87.2548969074714,-0.0430672405461644,64.454932470464,-0.0448441428170872,64.7787715918416,-0.0427767410889866
"455",455,-36.6872744117572,-0.00893352158660633,8.73935981945351,-0.0495581812097525,9.7780180500863,-0.0440330760357396,3.64844574680275,-0.0399501535886235
"456",456,6.70345346264912,-0.00660538257231703,38.7636251633917,-0.0179797018710841,34.081600397863,-0.0140742635361288,29.6060127753085,-0.0136894997905137
"457",457,92.560621677766,-0.0185722790085564,110.644068925311,-0.0239153726122752,114.682371728956,-0.0334485246528285,122.465519604455,-0.0422143410186617
"458",458,23.214074176245,-0.0412468799172541,88.2633537476522,-0.0700216787375929,30.9496025981766,-0.0423666952940896,37.0616903562912,-0.039652028400046
"459",459,-1.51034192076168,0.00947633161289033,53.0603131456019,-0.0214330109294469,27.9840345111957,-0.0106631976225137,19.634574295599,-0.00790218378314622
"460",460,74.3382530663393,-0.046496880119487,128.092699640414,-0.0727728702593716,64.4775654500786,-0.0527927208570741,76.2312079054583,-0.0495005037692175
"461",461,-18.5602004950742,0.00828284879140012,51.540886665809,-0.0214005571523493,54.3442938843464,-0.0253458526925051,52.5876826764575,-0.029856657446643
"462",462,187.206845389002,-0.0396725398710691,188.949381002245,-0.0429384917704155,204.240780336951,-0.0463922408478479,208.469773374601,-0.0468749354444826
"463",463,-15.5495735277059,-0.00978853832405165,-5.16888466671526,-0.0160418216445435,-6.52881478433164,-0.0186228002039755,-13.5781807657279,-0.0157851879271191
"464",464,99.7528606724586,-0.0110507656303335,16.460674292005,0.01255303786441,59.5441427574851,-0.0136639499645964,67.1629033949036,-0.0174516992080722
"465",465,134.830531461192,-0.039760800905345,205.648122169356,-0.0784646231454552,189.21926153505,-0.0726657469370628,197.408097911517,-0.0733532050999362
"466",466,37.3073226606962,-0.00467494663259133,63.6978963826891,-0.0117890366438284,35.1336838875036,-0.00357835973538717,36.5698629252143,-0.0081813057817362
"467",467,109.969758947138,-0.058783516809512,158.87946557692,-0.0793739521138602,164.526467905362,-0.0874746491098896,160.184350436516,-0.0842555848605757
"468",468,104.927123790515,0.0126442070012822,152.352565068971,-0.00990918135071162,153.70400640278,-0.0114915346718959,165.094983643355,-0.0170604320923436
"469",469,51.7430625451889,-0.0237056952714346,59.931318243287,-0.0377228261024733,52.5481674663033,-0.0439347683092952,83.287084789772,-0.0429616139849694
"470",470,42.543754340194,-0.0171503331708754,103.969707564147,-0.0531127301898759,96.5974959491746,-0.0390659044066282,77.0161865643127,-0.0360498583536263
"471",471,114.530440820766,-0.0514885904061114,127.394586562032,-0.0468285424443528,105.643693134754,-0.0439466114942151,109.928191837873,-0.0452219063545945
"472",472,16.6279333805428,-0.0335590080041808,47.7802473253073,-0.0483959916277227,56.9224134715555,-0.0443328930418793,86.6675804181279,-0.0587369521029225
"473",473,14.1121638478935,-0.0587978505412525,65.7243832130648,-0.0871427941902691,61.9330527907791,-0.0821271101500336,77.4413935841781,-0.0905612176478721
"474",474,75.9810427355192,0.00812311776916444,172.71047272529,-0.0375382159013342,98.2044063238827,0.0100475376966546,100.640629485991,0.00436678720798693
"475",475,-11.1650012299515,-0.0512947907819426,5.77722934043049,-0.0613888143651585,37.3926740839702,-0.0759312449604329,29.6486251655822,-0.0721527510788592
"476",476,61.4015899176243,-0.00399505016656873,89.3813085502206,-0.0386524953068045,82.740596100356,-0.0157011907667579,93.3229461564781,-0.0268665931422521
"477",477,158.157890724913,-0.036038916548411,148.995857532239,-0.0441558317545072,156.904038514956,-0.0415151619772765,151.468425340354,-0.0438775286665047
"478",478,39.0685784649982,-0.0173152386764626,42.3152892451649,-0.0290588803102834,43.1707593373094,-0.0260016269503274,42.1823495535593,-0.021199518105085
"479",479,18.4116331529499,-0.00466639803853515,1.5048126796155,-0.00764507675472041,7.14954206001994,0.00174132428963487,9.9123935645952,-0.0128802659074417
"480",480,82.5044052891876,-0.00838418654590747,147.895743269617,-0.0459998023596054,122.68786484333,-0.0240383048695043,129.259877057808,-0.0248456907077597
"481",481,41.0367032170197,-0.013682950796664,50.6865930149634,-0.039842881899583,52.7727347419723,-0.0392827095871038,57.5306465955284,-0.0411441010716925
"482",482,86.1088277902286,-0.0301507138848693,134.0297330574,-0.0557370822139989,83.7015024951011,-0.0377597807938987,73.972224920966,-0.0297293727834555
"483",483,74.1971054402375,-0.0275099582497797,121.821829463575,-0.0473637881325038,48.6402371083946,-0.016263810796523,47.1178363741522,-0.0211829398671504
"484",484,40.3239477582565,-0.025120810910785,69.8502534674203,-0.0358188689420331,38.5498361391619,-0.0195569302447664,55.5494500317335,-0.02807842041103
"485",485,-10.2349797323873,0.0313564384436906,-40.16572054268,0.0354040105535211,-3.93901513299897,0.0169101062144936,-8.26224502000806,0.0213705932386065
"486",486,36.8976580717635,0.00777761233660695,16.2038370072141,0.0122611665921488,27.5987116328183,0.00643348113992351,24.7696946402908,0.00778612595893032
"487",487,52.5049974811823,-0.0183098676221936,61.5847809480933,-0.0211476516076982,65.7610480694102,-0.0308519100997083,25.7270999759579,-0.0376313232115981
"488",488,50.5553703160872,-0.000588820959342096,119.348426086442,-0.0340657783440372,57.7404391797863,0.000285101110010413,49.4854701861879,-0.00894451391741315
"489",489,78.6630924840219,-0.0378763674396293,106.14234301595,-0.0393693989329127,106.356000860824,-0.0415810345936833,103.913323616654,-0.0464965010284508
"490",490,107.013577456488,-0.0310776472488136,119.401194268937,-0.0362048181852187,106.309100813614,-0.0356084120004615,94.4171532077466,-0.0334801385909322
"491",491,-3.04018811064861,-0.00979127735193609,-36.1082429296871,-0.0136098383032782,14.9532350347104,-0.0305753163108278,7.78077466254382,-0.0307041071368456
"492",492,28.5441665136527,0.0353060234417356,39.7752740386518,0.0278260122370095,32.5171123675918,0.0170480105219691,64.0277135822722,0.00883515496775327
"493",493,122.008940112042,-0.043227152506857,135.67075099065,-0.0355995099064658,145.985199842953,-0.0518679239889039,143.647951074338,-0.0537359216309933
"494",494,95.3041423418531,-0.0785465953921689,178.19351711375,-0.120181765312553,123.830465568299,-0.0936860893307687,126.573991933024,-0.101173036782632
"495",495,60.8763191632661,-0.0120995818382671,65.1802779392979,-0.0192152636691285,60.5318782636127,-0.0186226741431951,61.5984617039747,-0.0211524871262724
"496",496,63.9696719870867,-0.0255264753220686,90.4832875616562,-0.0476282386246807,116.765692582681,-0.04816997340492,105.291322338155,-0.0461396398743736
"497",497,58.8606342439798,-0.0352466719517094,74.386464600168,-0.0515441741387241,98.516722626644,-0.0626950339850536,96.2047654730352,-0.0677014321559449
"498",498,44.4349954012519,-0.0258359229756813,54.2084664979288,-0.0255856558354861,58.2723350166611,-0.0359066073292939,49.1894590855656,-0.0346029634965935
"499",499,160.982590087774,-0.00642233763485203,128.497048187508,-0.00362562654404368,161.708342994141,-0.0191786869172756,149.490869992703,-0.0139650886331253
"500",500,38.6632744895278,-0.0412353362039681,104.568303291509,-0.0740674992536299,99.3848770111208,-0.0705636901146959,107.611437958231,-0.0737733491371894
