"","mean_R1","mean_R2","mean_R3","mean_R4","mean_CD41","mean_CD42","mean_CD43","mean_CD44","sd_CD41","sd_CD42","sd_CD43","sd_CD44","iter","treatment"
"1",0,0,0,0,5.74777909054937,5.57061045331739,5.40737866526905,5.18554699366132,0.668503158490558,0.638192772068991,0.624734921255288,0.61411808954724,1,"0, 0, 0, 0"
"2",0,0,0,0,4.79336785664016,4.65947287180227,4.51545464144284,4.30878045012819,0.428538791548051,0.409108552208896,0.400481500786192,0.393675662739728,2,"0, 0, 0, 0"
"3",0,0,0,0,7.07412650282353,6.8368203747141,6.64688746285681,6.4039914072089,0.756357466097994,0.722063705808168,0.706837231839726,0.694825142103576,3,"0, 0, 0, 0"
"4",0,0,0,0,5.69403697999155,5.51930504648704,5.35715515804847,5.13617699167281,0.937195423539712,0.894702347659333,0.875835366953122,0.860951299521427,4,"0, 0, 0, 0"
"5",0,0,0,0,5.65765539487737,5.48457302710705,5.32315554799013,5.10275517569296,0.393202744945219,0.375374665915315,0.367458975744218,0.361214327058261,5,"0, 0, 0, 0"
"6",0,0,0,0,6.28173512263882,6.08035655691331,5.90637552926951,5.67606383589944,1.03638431939375,0.989393951729663,0.968530167648889,0.952070831946261,6,"0, 0, 0, 0"
"7",0,0,0,0,5.34833312478265,5.18927563844525,5.03408522484242,4.81859735362088,0.556956823839682,0.531704023854672,0.520491747966803,0.511646439171693,7,"0, 0, 0, 0"
"8",0,0,0,0,7.31714018448282,7.06881565129441,6.87399055331666,6.62723507632098,1.65561276972972,1.58054616431787,1.54721649432709,1.52092288310526,8,"0, 0, 0, 0"
"9",0,0,0,0,6.21519492085649,6.0168333329911,5.84419184742325,5.614936912148,0.673666531631803,0.643122034371474,0.629560238042259,0.618861404232964,9,"0, 0, 0, 0"
"10",0,0,0,0,6.04980629677326,5.85894354124999,5.68963154695069,5.46300323081106,1.18799365971932,1.13412922178044,1.11021334159787,1.09134622242981,10,"0, 0, 0, 0"
"11",0,0,0,0,5.35528330999474,5.1959106975479,5.04058036754449,4.82498211696902,0.379763084072094,0.362544368377673,0.354899236316467,0.348868029580471,11,"0, 0, 0, 0"
"12",0,0,0,0,5.28657408371699,5.13031679417141,4.97636967156952,4.76186262644749,1.45983888868657,1.39364880376726,1.3642603203675,1.341075891685,12,"0, 0, 0, 0"
"13",0,0,0,0,6.41558924593983,6.20814164351667,6.0314659557216,5.79902845833331,1.16285364733431,1.11012907460078,1.08671929604516,1.06825143793853,13,"0, 0, 0, 0"
"14",0,0,0,0,6.01961374807982,5.83011994318353,5.66141576473497,5.43526695150306,2.34336554965463,2.23711576693498,2.18994072584702,2.15272457008899,14,"0, 0, 0, 0"
"15",0,0,0,0,5.82695818916887,5.64619951792555,5.4813737501282,5.25828459580829,1.58387672711014,1.51206268250453,1.48017715372277,1.45502281833266,15,"0, 0, 0, 0"
"16",0,0,0,0,7.23959155598292,6.99478313018525,6.80151918844124,6.55599529984947,2.80882720681198,2.68147307699439,2.62492767847137,2.58031929424317,16,"0, 0, 0, 0"
"17",0,0,0,0,6.33746035863103,6.13355517292639,5.95845232274066,5.72725562913551,1.10627370578645,1.0561145059614,1.0338437562985,1.0162744724317,17,"0, 0, 0, 0"
"18",0,0,0,0,4.89136789851836,4.75302952534202,4.6070384248075,4.3988078460042,1.66646248252979,1.59090394378396,1.55735585475599,1.53088993383986,18,"0, 0, 0, 0"
"19",0,0,0,0,4.67946508136008,4.55073452557444,4.40900930840053,4.20414406380643,1.07192838801772,1.02332642818491,1.00174709509471,0.984723266330224,19,"0, 0, 0, 0"
"20",0,0,0,0,6.19616830187659,5.99866939381496,5.82641093919688,5.5974581751367,1.04057324852177,0.993392951971107,0.972444839218795,0.955918977045761,20,"0, 0, 0, 0"
"21",0,0,0,0,5.99855774527933,5.81001863382505,5.64173834050078,5.41592392813944,0.785394381226357,0.749784067518865,0.733973042128453,0.721499802676968,21,"0, 0, 0, 0"
"22",0,0,0,0,5.66163250119242,5.48836980872547,5.32687226520979,5.10640873050584,0.519192217989108,0.495651690836098,0.485199666302497,0.476954116027215,22,"0, 0, 0, 0"
"23",0,0,0,0,6.89900039813954,6.66963460634424,6.4832272140907,6.24311242335905,0.445524997531181,0.425324592096854,0.416355585930767,0.409279981484563,23,"0, 0, 0, 0"
"24",0,0,0,0,5.54941590536458,5.38124118943036,5.22200271408255,5.00332134704322,0.429695876027467,0.410213173693563,0.401562828633267,0.394738614351727,24,"0, 0, 0, 0"
"25",0,0,0,0,7.55491578837341,7.29581034810326,7.09619851342328,6.84566680360248,0.893576295323781,0.853060940288555,0.835072070198124,0.820880739872662,25,"0, 0, 0, 0"
"26",0,0,0,0,6.11506515522461,5.92124351881653,5.75061777757355,5.52295305299091,0.387198726235945,0.369642873484779,0.361848052133889,0.355698756260255,26,"0, 0, 0, 0"
"27",0,0,0,0,7.34173156289341,7.092292039936,6.89697188505725,6.64982586012961,0.6201882803078,0.592068523218393,0.579583314664352,0.569733795607181,27,"0, 0, 0, 0"
"28",0,0,0,0,4.48531425173425,4.36538662618953,4.22756992143965,4.02578808289672,0.89385073382464,0.853322935561727,0.835328540662093,0.821132851842074,28,"0, 0, 0, 0"
"29",0,0,0,0,5.84373907762569,5.66221954952304,5.49705596029507,5.27370030032535,1.52667035667141,1.45745008768488,1.42671619863614,1.40247038611515,29,"0, 0, 0, 0"
"30",0,0,0,0,5.45875851998813,5.29469427136857,5.13728084883026,4.92003925689357,0.435903645509219,0.416139478698419,0.407364163045972,0.400441360084584,30,"0, 0, 0, 0"
"31",0,0,0,0,7.21026730190528,6.96678845766804,6.77411485185826,6.52905667635482,1.36184439977703,1.30009745142081,1.27268172640755,1.25105359702424,31,"0, 0, 0, 0"
"32",0,0,0,0,5.62576432831324,5.45412792312167,5.29335245326179,5.07345855888085,0.502499094621248,0.479715444998937,0.469599475068887,0.461619036602319,32,"0, 0, 0, 0"
"33",0,0,0,0,4.76151224026094,4.62906161066639,4.48568467590499,4.27951639950451,0.966559211097565,0.922734761181963,0.903276648680397,0.887926240309466,33,"0, 0, 0, 0"
"34",0,0,0,0,6.18400090547623,5.98705367541635,5.81504016654529,5.58628063896914,0.812449869888373,0.77561284198252,0.759257153899821,0.746354232753859,34,"0, 0, 0, 0"
"35",0,0,0,0,6.07654653661293,5.88447136048663,5.71462104986987,5.48756805865937,0.533554346332906,0.5093626305439,0.49862147741283,0.490147835022112,35,"0, 0, 0, 0"
"36",0,0,0,0,6.35527177149609,6.15055900425679,5.97509758682412,5.74361802129762,3.3198623338467,3.16933752491011,3.10250431485943,3.04977992718126,36,"0, 0, 0, 0"
"37",0,0,0,0,6.00991946423825,5.82086520474363,5.65235618502249,5.42636133154196,1.2310984054177,1.17527956908574,1.1504959334863,1.13094424637703,37,"0, 0, 0, 0"
"38",0,0,0,0,5.82235714948552,5.64180709250074,5.47707394970428,5.25405786678782,0.518885640286869,0.495359013574724,0.484913160854864,0.476672479492808,38,"0, 0, 0, 0"
"39",0,0,0,0,5.39512891790745,5.23394967858429,5.07781720390877,4.86158614538297,0.960001316657824,0.916474206122082,0.897148112690136,0.881901853507944,39,"0, 0, 0, 0"
"40",0,0,0,0,5.11424141951721,4.96579780980038,4.81531997115875,4.60354982693295,0.8392585901302,0.801206036673454,0.784310653672431,0.770981969884212,40,"0, 0, 0, 0"
"41",0,0,0,0,6.75912477487821,6.53610103867107,6.35250952730966,6.11461617103701,1.83445507770685,1.75127964080414,1.71434963913299,1.685215744119,41,"0, 0, 0, 0"
"42",0,0,0,0,6.17887168619734,5.98215701841695,5.81024676749908,5.58156869960967,1.78477502544023,1.70385211578816,1.66792223913263,1.63957733777927,42,"0, 0, 0, 0"
"43",0,0,0,0,6.587480925729,6.37223963800923,6.19210354385207,5.95693614906066,0.639699520184023,0.610695110250869,0.597817114688854,0.587657727910715,43,"0, 0, 0, 0"
"44",0,0,0,0,4.07127848795894,3.97012352464175,3.84064190622565,3.64543557591973,2.61516548162416,2.49659210572067,2.44394537330386,2.40241262741558,44,"0, 0, 0, 0"
"45",0,0,0,0,6.22970685181557,6.03068728316206,5.85775365327239,5.62826824679174,0.489017099393371,0.466844732574889,0.45700017300116,0.449233848817531,45,"0, 0, 0, 0"
"46",0,0,0,0,5.0872262728709,4.94000754821809,4.79007356013073,4.57873245690775,1.42735708799664,1.36263974994183,1.33390516805666,1.31123659903334,46,"0, 0, 0, 0"
"47",0,0,0,0,4.1509380585161,4.04617127626418,3.91508600556488,3.71861456193256,1.15313839400134,1.10085431744044,1.07764011975577,1.05932655442746,47,"0, 0, 0, 0"
"48",0,0,0,0,5.59217360415209,5.42206022516701,5.26196098091466,5.04260055755901,0.607907672498639,0.580344726493009,0.568106742781062,0.558452258174703,48,"0, 0, 0, 0"
"49",0,0,0,0,5.11006381858338,4.96180962412511,4.81141588610352,4.59971208843943,1.18079451417961,1.1272564903802,1.10348553849816,1.08473275254703,49,"0, 0, 0, 0"
"50",0,0,0,0,5.81596299703403,5.63570285525636,5.4710984351872,5.24818390099139,1.97442473045527,1.8849029746037,1.84515519910275,1.81379837630062,50,"0, 0, 0, 0"
"51",0,0,0,0,3.58726348692748,3.50805409189784,3.38831633421411,3.20079688727568,1.16720652537142,1.11428459019663,1.09078718246156,1.07225019413022,51,"0, 0, 0, 0"
"52",0,0,0,0,7.74108877916363,7.47354212927399,7.27018238659421,7.01669397075535,1.68670280623833,1.6102265574935,1.57627100403783,1.54948363645716,52,"0, 0, 0, 0"
"53",0,0,0,0,7.26368310612919,7.01778235311488,6.82403341667246,6.57812691817041,0.553263998574625,0.528178633790706,0.517040699348896,0.508254038151586,53,"0, 0, 0, 0"
"54",0,0,0,0,5.49768928333285,5.33185988750991,5.17366273732798,4.95580286654331,2.3040092698962,2.19954392758262,2.15316118034525,2.11657006127335,54,"0, 0, 0, 0"
"55",0,0,0,0,7.32861681861583,7.07977192705519,6.88471578928645,6.63777804614645,1.00957255841548,0.963797854171335,0.943473826222922,0.927440301454,55,"0, 0, 0, 0"
"56",0,0,0,0,4.92200812313517,4.78228050140198,4.63567257270958,4.42695538123419,1.2779667569156,1.22002287775205,1.19429572038413,1.17399969363492,56,"0, 0, 0, 0"
"57",0,0,0,0,5.32730556132399,5.16920147896956,5.01443437796953,4.79928045595921,0.515966677876737,0.492572398899196,0.482185308744849,0.473990984879054,57,"0, 0, 0, 0"
"58",0,0,0,0,6.34180231857465,6.1377002654625,5.96251000589297,5.73124435545878,1.06572742084414,1.01740661706696,0.995952117629478,0.979026769513992,58,"0, 0, 0, 0"
"59",0,0,0,0,6.0698930337392,5.87811953194397,5.7084031651208,5.4814558415042,0.457493484719444,0.436750419961896,0.427540472353724,0.420274790399786,59,"0, 0, 0, 0"
"60",0,0,0,0,5.11528489405361,4.96679397249387,4.81629512733273,4.60450841116795,0.883486731087913,0.843428843735419,0.825643089888401,0.811611996959186,60,"0, 0, 0, 0"
"61",0,0,0,0,5.64871573993765,5.47603870218298,5.31480119011779,5.09454279293445,0.402679291232383,0.384421539169139,0.376315073614946,0.36991992317619,61,"0, 0, 0, 0"
"62",0,0,0,0,6.04685043178236,5.85612169718172,5.68686920834559,5.46028783577049,0.408300931414703,0.389788290374369,0.381568653784346,0.375084223277155,62,"0, 0, 0, 0"
"63",0,0,0,0,4.51729521919414,4.3959175549031,4.25745703107251,4.05516728685244,0.538930318107776,0.514494852113825,0.503645473576179,0.495086452699397,63,"0, 0, 0, 0"
"64",0,0,0,0,5.76634158806719,5.5883313146132,5.42472583899263,5.20259936711399,0.7088330181181,0.676694048519158,0.662424304407254,0.651166974106137,64,"0, 0, 0, 0"
"65",0,0,0,0,4.84713693590016,4.71080402455556,4.56570335167079,4.35817522682068,0.870593135992308,0.831119852982737,0.813593664220857,0.799767340898941,65,"0, 0, 0, 0"
"66",0,0,0,0,4.93614775939876,4.79577903697134,4.64888645874067,4.43994470865741,0.875835470168395,0.836124496173209,0.81849277230598,0.804583192863285,66,"0, 0, 0, 0"
"67",0,0,0,0,6.50813355774461,6.29648993348326,6.1179512065595,5.88404396684989,1.41787477390475,1.35358737039946,1.32504368001091,1.30252570434177,67,"0, 0, 0, 0"
"68",0,0,0,0,4.96688514821489,4.82512277173995,4.67761140930784,4.46818150343943,0.867678848840314,0.828337701585972,0.810870181270489,0.79709014119473,68,"0, 0, 0, 0"
"69",0,0,0,0,6.23614500009247,6.0368335214313,5.8637702831203,5.63418262919938,2.18913241586072,2.08987566799054,2.04580554342955,2.0110388409082,69,"0, 0, 0, 0"
"70",0,0,0,0,7.01915014023845,6.78433667768017,6.59551051255482,6.35348756391033,0.589602968629651,0.562869970307221,0.55100048444114,0.541636705956322,70,"0, 0, 0, 0"
"71",0,0,0,0,6.34160747843943,6.13751425951111,5.96232792233063,5.73106536624971,1.48743650842216,1.41999512871407,1.39005106880806,1.36642834857741,71,"0, 0, 0, 0"
"72",0,0,0,0,6.08401409670574,5.89160033634216,5.72159969388569,5.49442810663302,2.16891342786987,2.07057342262278,2.02691033297333,1.99246473827335,72,"0, 0, 0, 0"
"73",0,0,0,0,5.57222359343429,5.40301476146038,5.2433171372521,5.02427354995575,0.562453587098464,0.536951560140739,0.525628627154312,0.516696021523404,73,"0, 0, 0, 0"
"74",0,0,0,0,4.80456187867153,4.67015934928569,4.52591576848985,4.31906379933447,0.769997602496834,0.735085389175274,0.719584321260039,0.707355605722227,74,"0, 0, 0, 0"
"75",0,0,0,0,3.10248950804934,3.04526009387737,2.93528147615168,2.75546096628606,0.871800917065575,0.832272872443319,0.814722369454508,0.800876864759652,75,"0, 0, 0, 0"
"76",0,0,0,0,4.71079578274805,4.58064467172064,4.43828872618022,4.23292590310843,1.59733272164849,1.52490857312794,1.49275215741806,1.46738412067491,76,"0, 0, 0, 0"
"77",0,0,0,0,4.56774125562378,4.44407633384084,4.30460026472255,4.10150936186575,0.662809936782747,0.632757684893165,0.619414446145867,0.608888031328122,77,"0, 0, 0, 0"
"78",0,0,0,0,6.95803558441533,6.72599309725104,6.53839724878818,6.29734489085197,0.969937574922183,0.925959947700391,0.906433824276559,0.89102976242663,78,"0, 0, 0, 0"
"79",0,0,0,0,3.4477414795266,3.37485810690227,3.25792911135673,3.07262548292765,0.676683147744073,0.646001875064081,0.632379350271455,0.621632608078803,79,"0, 0, 0, 0"
"80",0,0,0,0,5.05332562031684,4.90764397423398,4.75839245102171,4.54758974095124,0.962434666720829,0.918797226443527,0.899422146463485,0.884137242036648,80,"0, 0, 0, 0"
"81",0,0,0,0,6.6822754009733,6.4627360674795,6.28069163543403,6.04401876235469,1.17920146698876,1.125735673029,1.10199679128928,1.08326930531424,81,"0, 0, 0, 0"
"82",0,0,0,0,5.82713295459178,5.64636635936571,5.48153707330975,5.25844514345309,2.4591227390348,2.3476244468704,2.29811906079377,2.259064507441,82,"0, 0, 0, 0"
"83",0,0,0,0,6.42043932146896,6.21277181333317,6.03599848711699,5.80348396326291,1.25079436685247,1.19408250227606,1.1689023609799,1.14903787249456,83,"0, 0, 0, 0"
"84",0,0,0,0,6.73508503244921,6.51315127446169,6.33004371484098,6.09253214569443,1.04430172989364,0.996952381469828,0.97592920946697,0.959344133423742,84,"0, 0, 0, 0"
"85",0,0,0,0,5.85656645257772,5.67446532259835,5.50904350138413,5.2854841234822,0.612263938291262,0.584503476241239,0.57217779514986,0.562454126516158,85,"0, 0, 0, 0"
"86",0,0,0,0,4.71376105234164,4.58347549398055,4.44105985364989,4.2356499376544,1.0104100018466,0.964597327349542,0.944256440559674,0.928209615934408,86,"0, 0, 0, 0"
"87",0,0,0,0,6.8137180749877,6.58821904154175,6.40352849500157,6.16476811533152,1.28250257581019,1.22435303954288,1.19853457015462,1.1781665078058,87,"0, 0, 0, 0"
"88",0,0,0,0,5.9338344013026,5.74822989014379,5.58125256315011,5.35646605445961,1.25668734557927,1.19970828935221,1.17440951461723,1.15445143680086,88,"0, 0, 0, 0"
"89",0,0,0,0,7.02856613715872,6.79332574691644,6.60431002534667,6.36213753656404,1.05159964610395,1.0039194052115,0.982749316524162,0.966048338637777,89,"0, 0, 0, 0"
"90",0,0,0,0,7.29919163378693,7.0516809000554,6.85721713009012,6.61074670297,1.75701804997817,1.67735366041156,1.64198256830336,1.61407848930583,90,"0, 0, 0, 0"
"91",0,0,0,0,5.49536719521865,5.32964308444508,5.17149268096138,4.95366968841492,1.35407443548686,1.29267978257925,1.26542047720128,1.24391574649186,91,"0, 0, 0, 0"
"92",0,0,0,0,5.86477848846799,5.68230501921396,5.51671787887972,5.29302808154458,0.693958569533769,0.66249401751786,0.648523715685983,0.637502613913279,92,"0, 0, 0, 0"
"93",0,0,0,0,5.93951978906448,5.75365749857011,5.58656571721769,5.36168891605168,0.566476088214947,0.540791678329523,0.529387767087068,0.520391278111921,93,"0, 0, 0, 0"
"94",0,0,0,0,6.62453688641397,6.40761545631444,6.2267333767654,5.99097747780109,1.18035239420795,1.12683441642779,1.10307236500426,1.08432660058065,94,"0, 0, 0, 0"
"95",0,0,0,0,5.45982923670383,5.29571644106249,5.13828146358365,4.92102286706137,1.6057766757738,1.53296967264858,1.50064326899854,1.47514112961315,95,"0, 0, 0, 0"
"96",0,0,0,0,6.83700306157785,6.61044827105371,6.42528896700394,6.18615878686127,0.896445440081882,0.85579999607817,0.837753366317307,0.823516469674535,96,"0, 0, 0, 0"
"97",0,0,0,0,5.00836419686499,4.86472113220329,4.71637474178135,4.50628608647649,1.30499365646529,1.24582435935312,1.21955311482946,1.19882786042372,97,"0, 0, 0, 0"
"98",0,0,0,0,7.10899851186633,6.87011126322522,6.67947633180481,6.43602645640806,1.06670572104878,1.01834056047708,0.996866366565399,0.979925481576974,98,"0, 0, 0, 0"
"99",0,0,0,0,6.94997503882967,6.71829802226693,6.53086444322433,6.28994009882832,0.856471189460377,0.81763820508062,0.800396309739364,0.786794264085871,99,"0, 0, 0, 0"
"100",0,0,0,0,5.19027657615566,5.03838548088836,4.8863769541989,4.67339925776983,1.12281951582986,1.07191011776012,1.0493062791053,1.03147422298609,100,"0, 0, 0, 0"
"101",0,0,0,0.47011,5.31011153649083,5.15278704287913,4.9983660802902,5.27190055224171,0.966750988655832,0.922917843415721,0.903455870178815,0.697222208104088,1,"0, 0, 0, 1"
"102",0,0,0,0.39023,6.06257346512063,5.87113183752891,5.70156282328177,5.81457718102176,0.41269863413672,0.393986598273522,0.385678430123993,0.297638850490778,2,"0, 0, 0, 1"
"103",0,0,0,0.22769,7.84343497451681,7.57124787874366,7.36582777208367,7.09893707149901,0.515174248166499,0.491815898489252,0.481444760990753,0.371544411208131,3,"0, 0, 0, 1"
"104",0,0,0,0.42733,5.71411511941195,5.53847282945403,5.37591874157152,5.56326851924826,0.475260226363391,0.45371160549464,0.44414398993015,0.342758361085161,4,"0, 0, 0, 1"
"105",0,0,0,0.36558,6.36767802193089,6.16240274688598,5.98669157525935,6.03461902767933,1.39125691877036,1.32817638686259,1.30016854902586,1.00337649749277,5,"0, 0, 0, 1"
"106",0,0,0,0.23636,7.77211807110628,7.50316453208347,7.29918012880709,7.04750321784434,0.659580788407061,0.629674948294053,0.616396716565112,0.475690616417796,6,"0, 0, 0, 1"
"107",0,0,0,0.44698,5.57101007630421,5.40185626601969,5.24218307151273,5.46006095564893,1.36582601350417,1.3038985360822,1.27640265593001,0.985035691916316,7,"0, 0, 0, 1"
"108",0,0,0,0.47259,5.28451868204517,5.12835458580486,4.97444884115118,5.25344294868332,0.442743830216333,0.422669524793569,0.413756507195877,0.319307489260596,8,"0, 0, 0, 1"
"109",0,0,0,0.52611,4.7966159144468,4.66257366046592,4.51849004241633,4.90156676861546,1.06870471526945,1.02024891894456,0.998734482641112,0.77075138286379,9,"0, 0, 0, 1"
"110",0,0,0,0.30168,7.08612505480394,6.84827490421323,6.65810044566992,6.55276406455388,1.24733537158696,1.19078034020093,1.16566983304436,0.899580069975804,10,"0, 0, 0, 1"
"111",0,0,0,0.50089,5.00833024996721,4.86468872448087,4.71634301745478,5.05425545291055,1.55117492791465,1.48084360505493,1.44961640664802,1.11870959645987,11,"0, 0, 0, 1"
"112",0,0,0,0.43657,5.59441223342419,5.42419735347022,5.26405304265627,5.47693862513472,0.376588076366947,0.359513317674393,0.351932102708395,0.271595864117299,12,"0, 0, 0, 1"
"113",0,0,0,0.21485,8.06592998648871,7.78365481603096,7.5737555911501,7.25940079520814,0.733271471171833,0.700024445543243,0.685262723119587,0.528836443168269,13,"0, 0, 0, 1"
"114",0,0,0,0.44912,5.54624056297241,5.37820981921499,5.21903526770009,5.44219714688999,1.33375780559189,1.27328432245749,1.24643401765146,0.961908054093442,14,"0, 0, 0, 1"
"115",0,0,0,0.25757,7.46001182062072,7.20520939058917,7.00750809802619,6.82241173960423,0.530506908093616,0.506453365220408,0.495773561042843,0.382602347673608,15,"0, 0, 0, 1"
"116",0,0,0,0.5828,4.1191331691731,4.0158084421663,3.88536344586285,4.41296523507174,2.46519892801867,2.35342513732635,2.30379742954665,1.77790502433187,16,"0, 0, 0, 1"
"117",0,0,0,0.32008,7.05455634943732,6.81813754535012,6.62859860650752,6.52999666868775,2.04688748771825,1.95408022132583,1.91287367489103,1.47621820993618,17,"0, 0, 0, 1"
"118",0,0,0,0.51683,4.83429723862061,4.69854648785542,4.55370429502162,4.92874259398626,1.60956212735829,1.53658348929186,1.50418087950572,1.16081852895521,18,"0, 0, 0, 1"
"119",0,0,0,0.31623,6.82367908167423,6.597728409432,6.41283733468154,6.36348765000587,0.401696897238761,0.383483687585208,0.375396998918586,0.289704381963737,19,"0, 0, 0, 1"
"120",0,0,0,0.38705,6.21249931772283,6.01425995033103,5.84167273081168,5.92270392227137,1.79139996153813,1.71017667279197,1.67411342742976,1.29196023736971,20,"0, 0, 0, 1"
"121",0,0,0,0.40653,5.96175727937664,5.77488672599548,5.60734727461594,5.74186840237878,1.29924156387461,1.24033307054016,1.21417762323148,0.937014890757719,21,"0, 0, 0, 1"
"122",0,0,0,0.51279,4.89838235295992,4.75972593966371,4.61359362890421,4.97496087092682,1.41600641046242,1.35180371982228,1.32329764205552,1.02122586661624,22,"0, 0, 0, 1"
"123",0,0,0,0.27381,7.41629433419439,7.16347408463594,6.96665288276932,6.79088262530634,1.31527398074429,1.2556385667597,1.22916036574121,0.948577492939968,23,"0, 0, 0, 1"
"124",0,0,0,0.59206,4.1061987919281,4.00346051835452,3.8732759081347,4.40363694353749,1.30925968208106,1.24989696047529,1.22353983522605,0.944239972065017,24,"0, 0, 0, 1"
"125",0,0,0,0.33131,6.9664117333937,6.73398946595607,6.54622499456015,6.46642664439859,2.24845893582145,2.14651228331549,2.10124783761362,1.62159182918912,25,"0, 0, 0, 1"
"126",0,0,0,0.46047,5.43275058676203,5.26986555546718,5.11297570694775,5.36034801227354,1.4023013311144,1.33872003806333,1.31048986163065,1.01134174361311,26,"0, 0, 0, 1"
"127",0,0,0,0.36986,6.46955721280856,6.25966266617968,6.08190053198923,6.10809444715871,2.2656306063095,2.16290537862198,2.11729524453149,1.63397606272496,27,"0, 0, 0, 1"
"128",0,0,0,0.47541,5.25952304507914,5.10449226796481,4.95108971847035,5.23541605923306,0.420213642459397,0.401160871024005,0.392701415839275,0.303058685337746,28,"0, 0, 0, 1"
"129",0,0,0,0.48678,5.17187757377809,5.02082070175231,4.86918257126214,5.17220601885254,1.28763116956264,1.22924909937763,1.20332738462885,0.928641457625364,29,"0, 0, 0, 1"
"130",0,0,0,0.42014,5.96026084005622,5.77345813624836,5.60594881016721,5.74078916818143,2.56125632706976,2.44512722878179,2.39356575879085,1.84718175914468,30,"0, 0, 0, 1"
"131",0,0,0,0.53656,4.63315745930649,4.50652652249928,4.36573353887015,4.78368029488693,2.2292704640078,2.12819382982281,2.08331567338185,1.60775307562688,31,"0, 0, 0, 1"
"132",0,0,0,0.5165,4.86996293267032,4.73259507515715,4.5870348848336,4.95446474400286,0.817984904768291,0.780896914628473,0.764429798988976,0.589931893725113,32,"0, 0, 0, 1"
"133",0,0,0,0.48704,5.16960640399844,5.01865250835021,4.867060099505,5.17056804793001,1.06937858822632,1.0208922380447,0.999364235789318,0.771237381012726,33,"0, 0, 0, 1"
"134",0,0,0,0.46222,5.43233390126386,5.26946776277199,5.11258630268155,5.36004749809096,1.7319854465577,1.65345605220117,1.61858889943572,1.24911040342676,34,"0, 0, 0, 1"
"135",0,0,0,0.49556,5.05735410085585,4.91148980073421,4.76215717889225,5.08961152491609,1.25363277085765,1.19679221111934,1.17155492900467,0.904121763417393,35,"0, 0, 0, 1"
"136",0,0,0,0.35132,6.51680007657865,6.30476350647785,6.12605031109263,6.14216606868427,0.968073888045462,0.924180761650158,0.904692156702689,0.69817628505292,36,"0, 0, 0, 1"
"137",0,0,0,0.38003,6.18782686405498,5.99070616243931,5.8186156319729,5.90491011308213,0.976040642163299,0.931786297735185,0.912137311513483,0.703921919619256,37,"0, 0, 0, 1"
"138",0,0,0,0.26503,7.50114077633719,7.24447353156985,7.04594425884982,6.85207400181875,1.11167806632595,1.06127382913012,1.03889428255736,0.801743825659121,38,"0, 0, 0, 1"
"139",0,0,0,0.41094,5.88555634677571,5.70214079533954,5.53613536929673,5.68691217982401,1.07277684757229,1.02413641800806,1.00254000430731,0.773688210556954,39,"0, 0, 0, 1"
"140",0,0,0,0.30435,6.94651668517422,6.71499647271083,6.52763251489135,6.45207830691283,0.538376386615041,0.513966036250513,0.503127809084847,0.388277826939437,40,"0, 0, 0, 1"
"141",0,0,0,0.49903,5.05880304270224,4.91287304657497,4.76351125562145,5.09065650386662,0.725524593596983,0.692628816649678,0.678023049095269,0.523249383882032,41,"0, 0, 0, 1"
"142",0,0,0,0.40278,6.01244350398217,5.82327480281437,5.65471497084218,5.77842338070786,1.33567357544992,1.27511323001135,1.24822435822981,0.963289710079633,42,"0, 0, 0, 1"
"143",0,0,0,0.5019,5.00763971575895,4.86402949956176,4.71569769390059,5.05375743864306,1.21158773765785,1.15665352822949,1.13226266812058,0.873798824799938,43,"0, 0, 0, 1"
"144",0,0,0,0.3309,6.82368967343377,6.59773852095397,6.41284723297741,6.36349528879813,1.78743522226468,1.7063916974851,1.67040826755679,1.28910086168432,44,"0, 0, 0, 1"
"145",0,0,0,0.44126,5.61459471908749,5.44346475155071,5.28291414066524,5.49149426291975,0.640412264533754,0.611375538288574,0.598483194242181,0.461866249338922,45,"0, 0, 0, 1"
"146",0,0,0,0.27127,7.55557124951647,7.29643609019371,7.0968110602159,6.8913293376224,1.71903326401904,1.64109113039982,1.60648472216205,1.23976927068902,46,"0, 0, 0, 1"
"147",0,0,0,0.366,6.30651942556347,6.1040171227407,5.92953715437082,5.99051135972326,0.868321331254078,0.828951053411522,0.811470599077156,0.626234597145449,47,"0, 0, 0, 1"
"148",0,0,0,0.3707,6.35956800166535,6.15466044043752,5.97911253422174,6.02877006936053,1.38756862372388,1.32465532161402,1.29672173402407,1.00071649378279,48,"0, 0, 0, 1"
"149",0,0,0,0.46754,5.33725623627525,5.17870098357241,5.02373356235356,5.29147734889782,0.875090668501304,0.835413464318646,0.817796734291902,0.631116652936749,49,"0, 0, 0, 1"
"150",0,0,0,0.23927,7.89367972390236,7.61921449712835,7.41278289735451,7.13517365726236,1.39156594231196,1.32847139906732,1.30045734017887,1.00359936571691,50,"0, 0, 0, 1"
"151",0,0,0,0.34941,6.49196973848005,6.28105899274252,6.10284566483217,6.12425839301574,0.849899592036169,0.811364568338878,0.794254967926404,0.612948812237707,51,"0, 0, 0, 1"
"152",0,0,0,0.64703,3.52189269604834,3.44564725699567,3.32722549960311,3.98223454399673,1.50683977009027,1.43851863334359,1.40818396017343,1.08673501665837,52,"0, 0, 0, 1"
"153",0,0,0,0.38232,6.21042953887146,6.012284016656,5.83973846451645,5.92121119477693,1.69136948396453,1.6146816448878,1.58063214505082,1.21981811259305,53,"0, 0, 0, 1"
"154",0,0,0,0.47109,5.30854554255767,5.15129205217257,4.99690261510817,5.27077115515727,0.690670272806951,0.659354814393956,0.645450710314802,0.498112397431175,54,"0, 0, 0, 1"
"155",0,0,0,0.54053,4.64146045704741,4.51445305669356,4.37349292276232,4.78966842883945,0.819388740937126,0.782237099913674,0.765741723199435,0.590944342395905,55,"0, 0, 0, 1"
"156",0,0,0,0.36264,6.41349914866241,6.2061463126668,6.02951270128825,6.06766529040101,1.31598369238884,1.25631609959713,1.22982361114663,0.949089338002178,56,"0, 0, 0, 1"
"157",0,0,0,0.30954,6.90982131931555,6.67996489961802,6.49333966794068,6.42561355610172,0.83729328536088,0.799329840154765,0.78247402133239,0.603857125671756,57,"0, 0, 0, 1"
"158",0,0,0,0.28301,7.21319605696091,6.96958442098388,6.77685185546971,6.64440785468133,0.760077899909534,0.725615452628403,0.710314081417425,0.548169278257346,58,"0, 0, 0, 1"
"159",0,0,0,0.39273,6.06946534454466,5.87771123446747,5.70800347759221,5.81954761440781,0.931319293589953,0.889092645425253,0.870343958969744,0.671668818492301,59,"0, 0, 0, 1"
"160",0,0,0,0.59502,4.13990650317597,4.03563989912207,3.90477670819027,4.42794699353191,0.369358739491302,0.352611763833861,0.34517608495983,0.266382055930174,60,"0, 0, 0, 1"
"161",0,0,0,0.39252,6.07004090151792,5.87826069529736,5.70854135170065,5.81996270692748,0.525771733864963,0.501932887001521,0.491348408130257,0.379187333186735,61,"0, 0, 0, 1"
"162",0,0,0,0.34154,6.65224019754468,6.43406268053687,6.25262289677431,6.23984567937401,1.52259921529214,1.4535635346158,1.42291160301576,1.09810075127988,62,"0, 0, 0, 1"
"163",0,0,0,0.29268,7.15620338193303,6.91517583248027,6.72359060472847,6.60330465520703,1.11980950233734,1.06903658032,1.04649333720915,0.80760822904473,63,"0, 0, 0, 1"
"164",0,0,0,0.42012,5.78077933569768,5.60211444497797,5.4382183184439,5.61134684823439,0.476969720514641,0.455343590022111,0.445741560084312,0.343991250733956,64,"0, 0, 0, 1"
"165",0,0,0,0.43989,5.56310092565293,5.39430572162099,5.23479174875446,5.4543568647858,0.662533996311637,0.632494255750092,0.61915657204864,0.47782047422025,65,"0, 0, 0, 1"
"166",0,0,0,0.67352,3.14578441155319,3.08659197710433,2.9757417758342,3.71098470646975,1.70111599142321,1.6239862390906,1.58974052919587,1.2268473078371,66,"0, 0, 0, 1"
"167",0,0,0,0.49146,5.13022701612724,4.98105860862258,4.83025895882477,5.14216757657024,1.7910375940722,1.70983073531261,1.67377478488572,1.29169889743036,67,"0, 0, 0, 1"
"168",0,0,0,0.37073,6.30005213065701,6.09784305936983,5.9234932861814,5.98584713730398,1.24227241295845,1.1859469395491,1.16093835643138,0.895928656906739,68,"0, 0, 0, 1"
"169",0,0,0,0.49889,5.06272860321813,4.91662061951572,4.7671798018484,5.09348762377553,0.543091837387001,0.518467685287604,0.50753452987485,0.391678616840881,69,"0, 0, 0, 1"
"170",0,0,0,0.51679,4.84729662765375,4.71095647577679,4.56585258808627,4.93811777211593,2.07651262280324,1.98236213270153,1.94055919320076,1.4975839001105,70,"0, 0, 0, 1"
"171",0,0,0,0.4457,5.5691726689237,5.40010216793549,5.24046596286396,5.45873581479461,0.97066163734285,0.926651180640023,0.907110480884108,0.70004257358049,71,"0, 0, 0, 1"
"172",0,0,0,0.51273,4.92017273138874,4.78052832756165,4.6339573477273,4.99067612329463,0.752656163834541,0.718530223098659,0.703378261229443,0.542816711490006,72,"0, 0, 0, 1"
"173",0,0,0,0.34886,6.48593944170855,6.27530211371491,6.09721018363685,6.11990933428202,0.778850414490021,0.743536808670875,0.727857521967033,0.561708042862772,73,"0, 0, 0, 1"
"174",0,0,0,0.42759,5.71912026014394,5.54325103371196,5.38059618574116,5.56687823396692,0.695852566001236,0.664302138901445,0.650293708421144,0.501849874761285,74,"0, 0, 0, 1"
"175",0,0,0,0.28088,7.35573174248868,7.10565744189692,6.91005544492667,6.74720479677236,1.42455945697602,1.35996896540835,1.33129070352771,1.02739433610445,75,"0, 0, 0, 1"
"176",0,0,0,0.43733,5.59464088324385,5.42441563615204,5.26426672231547,5.47710352771461,0.549827541822566,0.524897988317551,0.513829234285302,0.396536416599877,76,"0, 0, 0, 1"
"177",0,0,0,0.44663,5.53124649354752,5.36389559106314,5.20502288995365,5.43138340238333,0.821331865930311,0.784092122302315,0.767557627917594,0.592345726945048,77,"0, 0, 0, 1"
"178",0,0,0,0.45289,5.58484941034475,5.41506811527237,5.25511631670721,5.47004190333004,2.7912686515319,2.66471063851463,2.60851871688168,2.01306697946975,78,"0, 0, 0, 1"
"179",0,0,0,0.55293,4.52371902489693,4.40205010090027,4.26346025738329,4.70475313806387,1.03227899982178,0.985474770130307,0.964693631550367,0.744481104318215,79,"0, 0, 0, 1"
"180",0,0,0,0.38743,6.26824945956989,6.06748234295061,5.89377279950162,5.9629110050226,2.15509307335251,2.05737969234883,2.01399482467474,1.55425623444342,80,"0, 0, 0, 1"
"181",0,0,0,0.35648,6.64410528818678,6.42629661348436,6.24502059618293,6.23397877100587,2.20025696655512,2.1004958240145,2.0562017475668,1.58682849939561,81,"0, 0, 0, 1"
"182",0,0,0,0.37925,6.21592128535123,6.01752676362721,5.84487065538349,5.92517185026309,1.11775898751017,1.06707903722525,1.04457707368397,0.80612939479235,82,"0, 0, 0, 1"
"183",0,0,0,0.36513,6.47865399647719,6.26834699550955,6.0904017310587,6.11465506066778,1.86796892946974,1.78327395180718,1.74566927207134,1.34718188753606,83,"0, 0, 0, 1"
"184",0,0,0,0.25527,7.48021262972446,7.22449428131289,7.02638631980336,6.83698059228095,0.568146694947342,0.542386538620073,0.530948995859372,0.409748216269213,84,"0, 0, 0, 1"
"185",0,0,0,0.4941,5.08650939281068,4.93932317198581,4.78940361564014,5.11063836354692,1.65695488883293,1.58182743083104,1.5484707422115,1.19499825692161,85,"0, 0, 0, 1"
"186",0,0,0,0.47534,5.31955598335936,5.16180327212373,5.00719218035535,5.27871190095225,2.32522605282312,2.2197987271876,2.17298885810981,1.67695638475074,86,"0, 0, 0, 1"
"187",0,0,0,0.35977,6.43293304417268,6.22469906217931,6.04767422083695,6.08168104388742,1.14198907168772,1.09021051295927,1.0672207658467,0.823604166466809,87,"0, 0, 0, 1"
"188",0,0,0,0.37072,6.27599293111089,6.07487472024221,5.90100929049192,5.96849560787231,0.625471107951908,0.597111823875593,0.584520265029253,0.451090665651019,88,"0, 0, 0, 1"
"189",0,0,0,0.50261,4.9817020427017,4.83926785818553,4.69145821211333,5.0350511514044,1.91700043663476,1.83008233719615,1.79149058851348,1.38254348125918,89,"0, 0, 0, 1"
"190",0,0,0,0.27395,7.78154423425069,7.51216330660039,7.30798914222006,7.05430138030666,2.474002046913,2.36182911684189,2.31202419066124,1.78425384638195,90,"0, 0, 0, 1"
"191",0,0,0,0.51514,4.86812431570203,4.7308398223287,4.58531664579117,4.95313873079208,1.70316405477753,1.62594144186394,1.59165450175103,1.22832437408373,91,"0, 0, 0, 1"
"192",0,0,0,0.29376,7.06319540754257,6.82638490270398,6.63667204822062,6.53622716985998,0.41108355552797,0.392444748423844,0.384169093938152,0.296474053467482,92,"0, 0, 0, 1"
"193",0,0,0,0.4009,5.92809718362272,5.7427528018031,5.5758909725728,5.71759269274731,0.373116140755388,0.356198801977281,0.348687481657107,0.26909189914401,93,"0, 0, 0, 1"
"194",0,0,0,0.43095,5.70145933418314,5.52639086610756,5.36409155588372,5.55414114867811,1.03173049396746,0.984951133903285,0.964181037470063,0.744085521104549,94,"0, 0, 0, 1"
"195",0,0,0,0.37403,6.31237938632889,6.10961138891222,5.93501345179866,5.99473757188359,1.25836858222717,1.20131329759069,1.17598067734323,0.907537237411174,95,"0, 0, 0, 1"
"196",0,0,0,0.49197,5.12805679435723,4.97898678617894,4.82823082580943,5.14060240949794,1.89335396279849,1.80750801051487,1.76939229655712,1.36548961020504,96,"0, 0, 0, 1"
"197",0,0,0,0.4634,5.380939446332,5.22040356726991,5.06455674538325,5.3229817430285,0.892350210522685,0.851890447003571,0.833926259618269,0.643564259549228,97,"0, 0, 0, 1"
"198",0,0,0,0.22466,7.92392146048692,7.6480850528736,7.44104464703185,7.15698404132797,0.831316482448226,0.793624029538179,0.776888531646109,0.599546646786228,98,"0, 0, 0, 1"
"199",0,0,0,0.2985,7.26229247301051,7.01645477224459,6.82273383108209,6.67981626078567,1.95988827662373,1.87102561344395,1.83157047594261,1.41347425334921,99,"0, 0, 0, 1"
"200",0,0,0,0.36102,6.3504379591466,6.14594436023634,5.97058025382551,6.02218546952076,0.345281663654285,0.329626358938488,0.322675383375921,0.249017634091707,100,"0, 0, 0, 1"
"201",0,0,0.29977,0.59091,5.23158293833426,5.0778189846019,5.45463168144314,5.4266445651497,0.752951868322142,0.718812520144318,0.534752002421155,0.566612214786984,1,"0, 0, 1, 1"
"202",0,0,0.3205,0.60987,4.94496424483736,4.80419577698296,5.25107295913019,5.21530158558131,1.67225134177349,1.59643033222495,1.18764530800294,1.14552339055588,2,"0, 0, 1, 1"
"203",0,0,0.24963,0.49987,6.27402640600292,6.07299735871585,6.1949827652234,6.07539135044224,0.980288681964027,0.935841728531365,0.696208293896922,0.643172015587654,3,"0, 0, 1, 1"
"204",0,0,0.28608,0.56414,5.53900845403457,5.37130561899944,5.67296756323388,5.62121930962614,0.673264929208595,0.642738640874403,0.478157747129992,0.505159014854259,4,"0, 0, 1, 1"
"205",0,0,0.28782,0.56619,5.47219927930781,5.30752561754846,5.62551919173989,5.57263358354447,1.0800014612147,1.03103346276995,0.767025049408924,0.745965918340202,5,"0, 0, 1, 1"
"206",0,0,0.27982,0.55836,5.61625680908283,5.44505148125884,5.72782991803199,5.67368602910256,0.448246114091346,0.427922331387384,0.318347715401771,0.383386885184878,6,"0, 0, 1, 1"
"207",0,0,0.24148,0.47468,6.63226720649738,6.41499527844446,6.44940803923229,6.27003517166809,1.90571706695466,1.81931056314697,1.35345439791933,1.19563157515445,7,"0, 0, 1, 1"
"208",0,0,0.27873,0.55496,5.65074336753826,5.47797439577354,5.75232252767483,5.69538961572592,0.404453290908242,0.386115104497002,0.28724572751372,0.360259582598414,8,"0, 0, 1, 1"
"209",0,0,0.32205,0.62835,4.81119430765687,4.67649105944434,5.15606855741402,5.15917548046976,0.461739162462633,0.440803595797827,0.327930578449033,0.45393480226185,9,"0, 0, 1, 1"
"210",0,0,0.28713,0.56556,5.51135585042531,5.34490680318507,5.65332847901836,5.59631166779252,1.12719679286062,1.0760889260827,0.800543524047718,0.769933754847119,10,"0, 0, 1, 1"
"211",0,0,0.33223,0.64386,4.62184957721133,4.49573134744456,5.02159452525672,5.03533846876361,0.545997645067325,0.521241741677693,0.387771577840178,0.507726168218098,11,"0, 0, 1, 1"
"212",0,0,0.26922,0.53852,5.83262221550214,5.65160673346491,5.88149423471032,5.80697310298458,0.669667036990529,0.639303879528716,0.475602497386879,0.484883129245289,12,"0, 0, 1, 1"
"213",0,0,0.289,0.55823,5.56194873496399,5.39320577203903,5.68925992092528,5.59941052705064,2.02603725163825,1.93417534908523,1.4389066856394,1.32966453485288,13,"0, 0, 1, 1"
"214",0,0,0.28046,0.55635,5.62197762149166,5.4505129081546,5.73189288144281,5.67125622775468,0.893863993830187,0.853335594349633,0.634828839269654,0.624853747400476,14,"0, 0, 1, 1"
"215",0,0,0.19747,0.40142,7.51429881460513,7.25703497546214,7.075833430387,6.82244967038268,1.2175392822886,1.1623352257918,0.864705430217072,0.736136598146062,15,"0, 0, 1, 1"
"216",0,0,0.25094,0.5034,6.22262293418276,6.0239245551573,6.15847563821608,6.04321621967042,1.0563314591826,1.0084366746772,0.750214438377193,0.689268989902778,16,"0, 0, 1, 1"
"217",0,0,0.30202,0.59033,5.22974368116303,5.07606312059775,5.45332542735618,5.41860054895115,0.996194717727972,0.951026573850183,0.707504878490444,0.712562019068311,17,"0, 0, 1, 1"
"218",0,0,0.22494,0.44906,6.96955873911667,6.73699378430604,6.68895498779063,6.48002828177446,1.79698243524216,1.71550603335359,1.27623025586313,1.11132931777502,18,"0, 0, 1, 1"
"219",0,0,0.19575,0.39391,7.69522584974959,7.42975865617262,7.20432915289742,6.91687779571516,1.76475055108291,1.68473556467391,1.25333893263104,1.06258997442708,19,"0, 0, 1, 1"
"220",0,0,0.22396,0.44756,6.9421101213348,6.71078970546334,6.66946077582292,6.47203174299249,1.48137879238888,1.4142120736326,1.05208620750147,0.918490132235472,20,"0, 0, 1, 1"
"221",0,0,0.30946,0.59558,5.17533094578321,5.02411749552948,5.4146810990455,5.37261753609326,1.37157137305978,1.30938339714046,0.974100163721823,0.942786169183334,21,"0, 0, 1, 1"
"222",0,0,0.20396,0.41832,7.23078581417932,6.98637664668492,6.87448039433176,6.66290496544946,0.596266759423243,0.569231620308475,0.423473075761509,0.375788230349577,22,"0, 0, 1, 1"
"223",0,0,0.19271,0.38962,7.66456823520782,7.40049107865868,7.1825558876259,6.9112209218601,1.20417723244202,1.14957902034414,0.85521560329383,0.725892007695707,23,"0, 0, 1, 1"
"224",0,0,0.25196,0.50787,6.19416547109796,5.99675737274167,6.13826493683044,6.03462286027103,0.345472119248533,0.329808179146972,0.245356861867555,0.293505806806102,24,"0, 0, 1, 1"
"225",0,0,0.28312,0.55169,5.65559300847824,5.48260415070546,5.75576677864595,5.67537975771406,1.53446443588685,1.46489077806465,1.08978802531303,1.01396776770053,25,"0, 0, 1, 1"
"226",0,0,0.31862,0.61514,4.93242183289429,4.79222204650059,5.24216524512625,5.2316988263939,0.768945478209776,0.734080968916686,0.546110782806963,0.599321660119698,26,"0, 0, 1, 1"
"227",0,0,0.36898,0.67375,4.0961768607925,3.99389298837103,4.64825786251685,4.64349743810422,2.01989357871181,1.92831023445442,1.43454340355212,1.42498701777851,27,"0, 0, 1, 1"
"228",0,0,0.29027,0.57099,5.46076502699528,5.2966098019877,5.61739850092609,5.57043079152904,0.769232318628372,0.734354803796238,0.546314499000086,0.563417457468403,28,"0, 0, 1, 1"
"229",0,0,0.23246,0.46874,6.65958409053961,6.44107359644457,6.46880869292088,6.31275128640974,0.922887041351539,0.881042717220023,0.655441222917752,0.591640088442191,29,"0, 0, 1, 1"
"230",0,0,0.29959,0.57975,5.34953339986918,5.19042149224562,5.53840097420397,5.48238735034812,1.45748625451771,1.39140283962659,1.03511754986601,0.98490368819021,30,"0, 0, 1, 1"
"231",0,0,0.28892,0.57271,5.45245456649612,5.28867614340169,5.61149635023103,5.56962876617522,0.444369158746135,0.42422115982593,0.315594272955617,0.394993662028579,31,"0, 0, 1, 1"
"232",0,0,0.29949,0.56925,5.46367810511375,5.29939079916934,5.61946739061559,5.52982032949793,2.1043519982852,2.00893925202527,1.49452639966161,1.3885339194449,32,"0, 0, 1, 1"
"233",0,0,0.25765,0.51498,6.10407529227237,5.91075194370119,6.07428222352259,5.96752967259961,1.15960462331629,1.10702736353443,0.823559805644721,0.757300670240888,33,"0, 0, 1, 1"
"234",0,0,0.20276,0.40829,7.4994867290677,7.24289447992492,7.06531377735948,6.80168580739968,1.70821485940523,1.6307632395856,1.21318686500915,1.03583011040887,34,"0, 0, 1, 1"
"235",0,0,0.25525,0.51037,6.15798981543047,5.96222194582763,6.11257271781756,6.00399982607605,0.966127163592342,0.922322303003536,0.68615067849654,0.639797543917899,35,"0, 0, 1, 1"
"236",0,0,0.24253,0.4876,6.41723387154566,6.20971170068255,6.2966897695918,6.17067708083783,0.401690729362028,0.383477799364188,0.285283735810397,0.308282920271025,36,"0, 0, 1, 1"
"237",0,0,0.34999,0.61229,4.72178393374565,4.59113461250253,5.09256864659927,4.96529853157905,3.61333546847092,3.44950438864865,2.56621765411108,2.42655924677586,37,"0, 0, 1, 1"
"238",0,0,0.27281,0.52896,5.93795282723527,5.75216158385256,5.95630081652551,5.83261304463426,2.09801008485033,2.00288488524507,1.49002232569465,1.35336102635516,38,"0, 0, 1, 1"
"239",0,0,0.22243,0.45466,6.81155107596202,6.58615029572103,6.57673677328759,6.41073586940421,0.562292363216817,0.536797646259188,0.399344207547235,0.373083910313336,39,"0, 0, 1, 1"
"240",0,0,0.21363,0.4372,7.03266006544368,6.79723405371746,6.73377001784559,6.5443663463632,0.498993074980008,0.476368390665157,0.354388583475412,0.328556511973599,40,"0, 0, 1, 1"
"241",0,0,0.33061,0.63512,4.70826119745731,4.57822500624533,5.0829646989731,5.081647771732,1.01541850317975,0.969378739836696,0.721157753523956,0.755802196640231,41,"0, 0, 1, 1"
"242",0,0,0.26709,0.53269,5.89939729203028,5.71535418275271,5.9289183894107,5.8448699986949,0.88900868105004,0.848700424742625,0.63138056011557,0.608065794812487,42,"0, 0, 1, 1"
"243",0,0,0.29009,0.56427,5.56248703666005,5.39371966677124,5.68964222678304,5.60777192017538,1.76506983516487,1.68504037219914,1.25356569055456,1.16488461288257,43,"0, 0, 1, 1"
"244",0,0,0.30838,0.59469,5.16127380205316,5.01069771222628,5.40469761128989,5.35952483630933,1.56923696894708,1.49808670090168,1.1144837362416,1.0644082065249,44,"0, 0, 1, 1"
"245",0,0,0.20653,0.42009,7.24221046222356,6.99728329344143,6.88259426412297,6.66505749599028,0.941576871020473,0.898885137340889,0.668714878593305,0.579915906726559,45,"0, 0, 1, 1"
"246",0,0,0.23307,0.47319,6.60282103828296,6.38688421946008,6.42849515212919,6.28434210857071,0.452829141746131,0.432297561461212,0.321602615639961,0.323396341029225,46,"0, 0, 1, 1"
"247",0,0,0.18979,0.39128,7.62589838275692,7.36357454353436,7.15509227155502,6.89466034881188,0.849161906624809,0.810660330084187,0.603081085327894,0.513513180264257,47,"0, 0, 1, 1"
"248",0,0,0.2283,0.46095,6.78476311418449,6.56057691829154,6.55771176411504,6.3844529322964,1.1432278587311,1.09139313255825,0.811928905950397,0.719573506838754,48,"0, 0, 1, 1"
"249",0,0,0.23491,0.47646,6.55089001448987,6.3373077834927,6.39161335379722,6.25147062538882,0.597292797512846,0.570211137135487,0.424201775624089,0.405725425344584,49,"0, 0, 1, 1"
"250",0,0,0.41788,0.73885,3.22955122242421,3.16656074398026,4.03277390535549,4.06736717751794,1.7640169995272,1.68403527284305,1.25281795887455,1.32097350820945,50,"0, 0, 1, 1"
"251",0,0,0.33898,0.64995,4.53274862554941,4.4106702933375,4.95831436841879,4.97435769195022,0.660028700263533,0.630102551523288,0.468757279144369,0.570877196422673,51,"0, 0, 1, 1"
"252",0,0,0.26208,0.50913,6.22526387251058,6.02644575155089,6.16035125220748,6.00905691259382,2.14398282955169,2.04677319453419,1.52267251001604,1.36648422035255,52,"0, 0, 1, 1"
"253",0,0,0.25041,0.50508,6.21082239355724,6.01265905904398,6.15009480672521,6.04493421820928,0.389112690639894,0.37147005744507,0.276350719403677,0.313079809184166,53,"0, 0, 1, 1"
"254",0,0,0.30638,0.59463,5.17421397590785,5.02305116982553,5.41388781875414,5.3725292438058,1.43756681892204,1.37238656474533,1.02097061893984,0.981851048972986,54,"0, 0, 1, 1"
"255",0,0,0.18879,0.38524,7.70929137909266,7.44318644487947,7.21431859617762,6.93917591630005,1.1653950815616,1.11255527847722,0.827672232045251,0.699390398894536,55,"0, 0, 1, 1"
"256",0,0,0.30465,0.57643,5.35300769012902,5.19373825582967,5.54086844091945,5.45143435936102,2.31622713318516,2.21120782466689,1.64500169219721,1.53090135694844,56,"0, 0, 1, 1"
"257",0,0,0.20682,0.42137,7.1901973066101,6.94762844956611,6.84565413516291,6.63852980873144,0.558726335573426,0.533393304726758,0.396811588261435,0.356241506696851,57,"0, 0, 1, 1"
"258",0,0,0.2833,0.54705,5.73680637097045,5.56013524428319,5.81344511114393,5.71748703047046,1.74676568535957,1.66756614495541,1.2405659475792,1.14508166428437,58,"0, 0, 1, 1"
"259",0,0,0.3316,0.62515,4.78429138754592,4.65080793597021,5.13696190398029,5.10894240372643,1.70147178055004,1.62432589649721,1.20839788038476,1.17374200900421,59,"0, 0, 1, 1"
"260",0,0,0.30534,0.58654,5.27240333239814,5.1167885543245,5.48362262812068,5.42423962837838,1.72206641231679,1.64398675369741,1.22302434064036,1.15612135211874,60,"0, 0, 1, 1"
"261",0,0,0.28091,0.56341,5.56592566133437,5.39700238187159,5.6920843635351,5.64181536579247,0.542930646539569,0.518313802942475,0.385593372734193,0.434070423562684,61,"0, 0, 1, 1"
"262",0,0,0.27502,0.55366,5.65011652572218,5.47737597539037,5.75187733996702,5.69724059522524,0.35624047507389,0.340088290418738,0.253004628056415,0.339443073241071,62,"0, 0, 1, 1"
"263",0,0,0.31887,0.62554,4.82965017717655,4.69411012732773,5.16917605285601,5.16965247222693,0.735940401333951,0.702572364602394,0.522670332371876,0.58631437187001,63,"0, 0, 1, 1"
"264",0,0,0.24742,0.49858,6.29597581612047,6.09395156769794,6.21057139911374,6.09459138789168,0.652031635903281,0.622468079482786,0.463077704711988,0.448433688917898,64,"0, 0, 1, 1"
"265",0,0,0.22491,0.45945,6.77017871855599,6.54665378904842,6.54735381814988,6.38413072719211,0.672227635015098,0.641748378302878,0.477421053098926,0.43866294257861,65,"0, 0, 1, 1"
"266",0,0,0.36137,0.67481,4.21921884074837,4.11135616153868,4.7356431894301,4.75532361655546,1.08990689500545,1.04048977747718,0.774059961967488,0.836603583340835,66,"0, 0, 1, 1"
"267",0,0,0.25028,0.49619,6.35467404046068,6.14998837475176,6.25225931347464,6.11533736593572,1.35823687068516,1.29665349014371,0.964629901217518,0.869888955221261,67,"0, 0, 1, 1"
"268",0,0,0.28425,0.52878,5.99954500384745,5.81096112942038,6.00004403725785,5.82788067097415,2.95377954991998,2.81985318259458,2.09779614804618,1.90225435633602,68,"0, 0, 1, 1"
"269",0,0,0.25859,0.51442,6.14415726441032,5.9490165720486,6.10274873747058,5.98780012918018,1.28361075693263,1.22541097498193,0.911629881639906,0.832712395099107,69,"0, 0, 1, 1"
"270",0,0,0.25918,0.52343,6.01151889131964,5.82239211271681,6.00854798096515,5.91783193771211,0.760293861502319,0.725821622376158,0.539966340442005,0.525807853327954,70,"0, 0, 1, 1"
"271",0,0,0.26938,0.53445,5.83914274322481,5.65783161604001,5.88612516186947,5.8066006880551,0.938427096449377,0.895878175684254,0.666477885327291,0.639656108647477,71,"0, 0, 1, 1"
"272",0,0,0.23889,0.48154,6.50488228619858,6.29338607679335,6.35893832387075,6.21762873050987,0.996396833416256,0.951219525476134,0.707648422551596,0.639979787405505,72,"0, 0, 1, 1"
"273",0,0,0.28535,0.5569,5.6011432629278,5.43062319353279,5.71709616543756,5.63796724480795,1.62857686700043,1.55473608774747,1.15662737203363,1.07757971116009,73,"0, 0, 1, 1"
"274",0,0,0.29667,0.58395,5.33119966139459,5.17291901790293,5.5253802171362,5.49246106933535,0.370011774239124,0.353235189543488,0.262785106881655,0.371308789469652,74,"0, 0, 1, 1"
"275",0,0,0.31651,0.61401,4.9583458039332,4.81697060711729,5.26057664166698,5.24819708996855,0.821533353786441,0.784284474562449,0.583459082148276,0.626267258333964,75,"0, 0, 1, 1"
"276",0,0,0.29784,0.58799,5.25198893119253,5.09729975590961,5.46912416894658,5.44047452344718,0.70023949916592,0.668490165542296,0.497315286816124,0.538316349140295,76,"0, 0, 1, 1"
"277",0,0,0.20577,0.41005,7.43242479663197,7.17887318097085,7.01768589546558,6.76314406567427,1.62264551124597,1.54907366368411,1.1524148791769,0.985891113215897,77,"0, 0, 1, 1"
"278",0,0,0.28158,0.56069,5.62046423076669,5.44906813559111,5.73081806012332,5.66924340973448,0.886527330279588,0.846331580098352,0.629618286391268,0.623410740876616,78,"0, 0, 1, 1"
"279",0,0,0.2997,0.58406,5.31802337852633,5.16034015663286,5.51602232329901,5.47143801758383,1.11497863154019,1.06442474447991,0.791866095241329,0.777103340429634,79,"0, 0, 1, 1"
"280",0,0,0.20561,0.41517,7.32862289391431,7.07977772689552,6.94396501413344,6.71207899025923,1.1609583094921,1.10831967266129,0.824521203608681,0.709711988848159,80,"0, 0, 1, 1"
"281",0,0,0.1737,0.35153,8.19701985908387,7.90880098492952,7.5607069807291,7.21941001532527,1.51310483050133,1.44449963166818,1.07461827511866,0.895211613844062,81,"0, 0, 1, 1"
"282",0,0,0.26064,0.52258,6.03091493967314,5.84090873108829,6.02232319838934,5.93202420714097,0.463223376145416,0.442220514226001,0.328984678016722,0.362720968506136,82,"0, 0, 1, 1"
"283",0,0,0.2404,0.48019,6.55156746647731,6.33795451934776,6.39209448522417,6.24042728723152,1.20772309308071,1.15296410925754,0.857733899823288,0.767689947576392,83,"0, 0, 1, 1"
"284",0,0,0.26841,0.5354,5.89048132133344,5.70684246821191,5.92258620088146,5.84218672706989,0.679422493929148,0.648617017435969,0.482530895272503,0.486341119599565,84,"0, 0, 1, 1"
"285",0,0,0.27455,0.52268,6.04490372859099,5.85426325883283,6.03225814005027,5.87349466537722,2.64361206974466,2.52374890625026,1.87751290274489,1.69779273723333,85,"0, 0, 1, 1"
"286",0,0,0.3138,0.61274,4.96546926455163,4.82377108520189,5.26563577624137,5.25609560347499,0.674324472543662,0.643750143796334,0.478910242666448,0.547191045421109,86,"0, 0, 1, 1"
"287",0,0,0.31516,0.61384,4.98723748304391,4.84455231790984,5.28109572649533,5.27129499998705,0.460590587152348,0.439707097670793,0.32711485174332,0.438433459256761,87,"0, 0, 1, 1"
"288",0,0,0.30575,0.59126,5.21774852448644,5.06461183245706,5.44480637810213,5.40524946298004,1.21130967511807,1.15638807323378,0.86028111699216,0.840392516565981,88,"0, 0, 1, 1"
"289",0,0,0.19692,0.40484,7.45594567988095,7.2013276114272,7.03439060123135,6.79484616888378,0.763812483089581,0.729180707275185,0.542465291595076,0.466967441488991,89,"0, 0, 1, 1"
"290",0,0,0.23194,0.46989,6.61055017814039,6.39426291487635,6.43398444459215,6.28937885781864,0.440804567916651,0.42081818996129,0.313062674105711,0.316460355961467,90,"0, 0, 1, 1"
"291",0,0,0.2483,0.48807,6.44745696985613,6.2385644632257,6.31815443821253,6.1553379573708,1.96539030679253,1.87627817783477,1.39583477551951,1.24157804902957,91,"0, 0, 1, 1"
"292",0,0,0.22761,0.45757,6.82978449492988,6.60355699911143,6.5896862826975,6.40766643256257,1.33534174728951,1.2747964471647,0.948369614741592,0.833910505494195,92,"0, 0, 1, 1"
"293",0,0,0.28512,0.56457,5.52875097836749,5.36151322423322,5.66568262792323,5.61138380285571,0.96101564532637,0.917442544441127,0.682520440305842,0.669610517931138,93,"0, 0, 1, 1"
"294",0,0,0.26751,0.52424,5.97851675438251,5.7908863150424,5.98510961849633,5.8716694069407,1.74983035283635,1.67049185833108,1.24274249715549,1.13193499589209,94,"0, 0, 1, 1"
"295",0,0,0.20846,0.42377,7.26623458821174,7.02021814927002,6.89965637661527,6.67985023191568,0.817675600965432,0.78060163486973,0.580719277477258,0.506557329550295,95,"0, 0, 1, 1"
"296",0,0,0.20633,0.42409,7.21051759777406,6.96702740495244,6.8600857566873,6.6519094391552,0.377942361125663,0.360806198244004,0.268417468519062,0.253340766417963,96,"0, 0, 1, 1"
"297",0,0,0.22894,0.45774,6.81850954042901,6.59279325869155,6.58167872637125,6.39757928905658,1.46648737104828,1.39999583943131,1.04151020959801,0.914843950229559,97,"0, 0, 1, 1"
"298",0,0,0.25474,0.51226,6.15241101843966,5.95689609527457,6.10861061481012,6.00723989011856,0.489228986248014,0.467047012335892,0.3474540552261,0.368342218101088,98,"0, 0, 1, 1"
"299",0,0,0.2933,0.58317,5.32878849173325,5.17061717230871,5.5236677865562,5.49246363854067,0.447621204182534,0.427325755317499,0.317903899748833,0.404703039376782,99,"0, 0, 1, 1"
"300",0,0,0.26346,0.52345,6.02060078167812,5.83106222400931,6.01499800686891,5.91653770514034,1.06044418443805,1.01236292618133,0.753135326362588,0.702574901888326,100,"0, 0, 1, 1"
"301",0,0.17016,0.36969,0.56927,6.16224172030237,6.26583171926105,6.24642503151569,6.04599164769661,1.3224828490296,0.998817804988494,0.839151924769751,0.846777735422449,1,"0, 1, 1, 1"
"302",0,0.1712,0.36791,0.56888,6.16191665266509,6.26558620882273,6.24564215173889,6.0464528519292,1.2811777634111,0.967621744500754,0.816498597729173,0.828248937669479,2,"0, 1, 1, 1"
"303",0,0.13785,0.31162,0.49217,7.22588153898534,7.06915585293494,6.89077370969022,6.63136001839353,1.23748255072791,0.934620517715274,0.751760841199236,0.705950599064004,3,"0, 1, 1, 1"
"304",0,0.1765,0.37986,0.587,5.86321143499538,6.03998623974155,6.07419662678383,5.90224934248418,0.561062901513873,0.423748116024165,0.403667227962545,0.507585125354668,4,"0, 1, 1, 1"
"305",0,0.21232,0.43682,0.65508,4.93090539944219,5.33585320036636,5.48375160693001,5.3328286835249,1.17879615162615,0.890297054181126,0.81194736522607,0.914410462148954,5,"0, 1, 1, 1"
"306",0,0.11617,0.27416,0.43985,7.94781376227983,7.61440206096749,7.32505784200526,7.02126367907307,0.659923986169615,0.498413894598977,0.392508777035157,0.358045174544091,6,"0, 1, 1, 1"
"307",0,0.14826,0.33378,0.52861,6.70490667501948,6.67568461021721,6.58610730418798,6.36978056521065,0.637695773246294,0.481625824449576,0.410122722453563,0.443213831997101,7,"0, 1, 1, 1"
"308",0,0.18977,0.39976,0.60922,5.57265749560298,5.82054260144588,5.88391901797091,5.71080013397271,1.26926895434059,0.958627502689177,0.832021606324971,0.882421737401552,8,"0, 1, 1, 1"
"309",0,0.16322,0.35789,0.55905,6.28995969527071,6.36229193990516,6.33293609024413,6.13764915434038,0.763307300506399,0.57649513033982,0.499086352227473,0.545717442248626,9,"0, 1, 1, 1"
"310",0,0.19357,0.40171,0.6056,5.62397191875867,5.85929830972461,5.89587953554553,5.69837241646755,2.00100385274815,1.51127727474271,1.28535371275139,1.2903427913719,10,"0, 1, 1, 1"
"311",0,0.18884,0.3908,0.5952,5.7790232376898,5.97640229950338,5.99696146803228,5.80116513361616,1.7867245892722,1.34944081406071,1.14627239265608,1.15220951276202,11,"0, 1, 1, 1"
"312",0,0.20325,0.42545,0.64297,5.12426045058922,5.48188644980459,5.61442966542193,5.46763936033236,0.607583351524216,0.45888313028957,0.473839115613966,0.626556178400149,12,"0, 1, 1, 1"
"313",0,0.18612,0.38975,0.59669,5.7575396170324,5.96017658977567,5.99143532595813,5.80531185869995,1.51382773539198,1.14333285827065,0.976551424395471,0.998714013099035,13,"0, 1, 1, 1"
"314",0,0.15722,0.34596,0.53534,6.64990992055523,6.63414778604155,6.53486918429562,6.29802335881416,1.7355030584615,1.31075526361291,1.07430996932596,1.02992650127863,14,"0, 1, 1, 1"
"315",0,0.14676,0.32811,0.51619,6.91554280182831,6.83476955712965,6.70241538218451,6.45960074635937,1.39647469854665,1.0547008561569,0.85631568162693,0.815569899007067,15,"0, 1, 1, 1"
"316",0,0.18355,0.39447,0.60691,5.6531781288907,5.88135657892448,5.94226592339489,5.77512514593623,0.778670707761799,0.588098490431214,0.538449042025607,0.629516726233002,16,"0, 1, 1, 1"
"317",0,0.18219,0.3874,0.59207,5.81441894917523,6.00313524872675,6.02966854248383,5.84249083810559,1.4427637520882,1.08966110602879,0.929367924284192,0.952271412213548,17,"0, 1, 1, 1"
"318",0,0.12259,0.28528,0.45853,7.69044752568071,7.42002375223804,7.17432858343787,6.89200152162264,0.505610709156613,0.381867318029151,0.306156041061571,0.296785155690569,18,"0, 1, 1, 1"
"319",0,0.16306,0.35791,0.5593,6.27880335015267,6.35386600368174,6.32515423497823,6.12920410003485,0.858777198146229,0.648599682525931,0.555464327918346,0.592973647256757,19,"0, 1, 1, 1"
"320",0,0.18395,0.39225,0.60136,5.65656426697138,5.88391399205661,5.94405530469388,5.77750625185759,0.783900948420245,0.592048679651334,0.540723799462533,0.630974159016766,20,"0, 1, 1, 1"
"321",0,0.16821,0.36841,0.5726,6.08803260502432,6.20978457605118,6.21049681317213,6.02540184055815,0.764795419741814,0.577619046607898,0.507646190426944,0.568294500468722,21,"0, 1, 1, 1"
"322",0,0.11797,0.27698,0.4431,7.90239186599686,7.58009673989882,7.29599151580851,6.99226388763573,0.943375864975881,0.712493633793237,0.561648945795313,0.508041295072374,22,"0, 1, 1, 1"
"323",0,0.13196,0.30035,0.47579,7.47115992617238,7.25440469792454,7.03847247852152,6.76439865350443,1.11593019997265,0.842816943656341,0.67313352033232,0.624047111756486,23,"0, 1, 1, 1"
"324",0,0.14505,0.32707,0.5153,6.86106950866866,6.79362808210474,6.67470073711397,6.44172115141777,1.11781716020685,0.844242088398749,0.6897617125911,0.670489274612066,24,"0, 1, 1, 1"
"325",0,0.21081,0.43524,0.65404,4.99632813268072,5.38526434460737,5.52730684759947,5.37684038745129,1.03279936385384,0.780031585555116,0.719982767655365,0.830097439908908,25,"0, 1, 1, 1"
"326",0,0.19481,0.40839,0.62278,5.42397503743508,5.70824875459824,5.79893785930363,5.64083226943509,0.71897368299143,0.543011742206664,0.517414839061581,0.632840236309244,26,"0, 1, 1, 1"
"327",0,0.22251,0.4526,0.67306,4.69453922383318,5.15733538830661,5.32997106055484,5.17996606422011,1.33216434010823,1.00612984360984,0.919340514684627,1.0261239110841,27,"0, 1, 1, 1"
"328",0,0.15114,0.33176,0.52117,6.80104561389475,6.74829446218753,6.63384710019102,6.39989129292015,1.32944144407724,1.00407335037148,0.820961533967058,0.790844086170701,28,"0, 1, 1, 1"
"329",0,0.19408,0.40744,0.62132,5.42917333211353,5.7121748163118,5.79756448118079,5.6333436290475,1.11597427032554,0.842850228211352,0.747198143790905,0.819351251679827,29,"0, 1, 1, 1"
"330",0,0.15317,0.33981,0.53551,6.59200198050123,6.59041226113959,6.51640623201431,6.30513619055788,0.794527847807373,0.60007474692886,0.504712147373831,0.527310186258305,30,"0, 1, 1, 1"
"331",0,0.20249,0.42381,0.64094,5.13243156134076,5.48805775925572,5.61651978141586,5.46549850174029,0.943081047980715,0.712270970441345,0.657938522140919,0.767261949503746,31,"0, 1, 1, 1"
"332",0,0.21011,0.41701,0.61228,5.43643955908452,5.7176627036436,5.74367240149032,5.51705509872509,2.85421099939292,2.15567012266323,1.84610780867442,1.83254230138564,32,"0, 1, 1, 1"
"333",0,0.18401,0.39179,0.60114,5.69742684221298,5.91477584235504,5.97105503009643,5.80528970296663,0.518032847382814,0.391249256589233,0.392270982436998,0.51560217250036,33,"0, 1, 1, 1"
"334",0,0.17604,0.37379,0.57144,6.10655480435742,6.2237736440342,6.19534321119065,5.97854557256851,2.01753091437252,1.52375949591229,1.27199143278044,1.24481853841159,34,"0, 1, 1, 1"
"335",0,0.17611,0.37681,0.58471,5.90042737039043,6.06809393046067,6.09566702759941,5.92121046199527,0.680673074783202,0.514084841983846,0.467933609168427,0.552365332684292,35,"0, 1, 1, 1"
"336",0,0.13525,0.3091,0.48869,7.26121768619455,7.0958438156697,6.91780125237282,6.66368655686577,0.741038797926922,0.559676631042733,0.454337024083447,0.444171488924868,36,"0, 1, 1, 1"
"337",0,0.13707,0.30743,0.48864,7.26250926545413,7.09681929324354,6.91454910392945,6.65539954062932,1.12092500683718,0.846589319254577,0.679958384942025,0.639096815506167,37,"0, 1, 1, 1"
"338",0,0.16328,0.36057,0.56317,6.2223416319858,6.31122275167534,6.28798635577203,6.09015333292253,1.16785555302197,0.882034062573258,0.741562439377368,0.755771709042701,38,"0, 1, 1, 1"
"339",0,0.21015,0.42003,0.61525,5.42353431559339,5.70791589521723,5.73809776216106,5.51401450433352,2.78553439811043,2.10380146349886,1.80196458982457,1.79180008027245,39,"0, 1, 1, 1"
"340",0,0.21609,0.44409,0.67001,4.75832598023442,5.20551094541328,5.38550842939246,5.25100918038974,0.510017077342446,0.385195269694139,0.450332376971166,0.644843485148566,40,"0, 1, 1, 1"
"341",0,0.12799,0.2916,0.45822,7.7811893050328,7.48855734792112,7.20852899645069,6.89233617927094,1.95829377877823,1.47902008338115,1.17375570451796,1.06046647004049,41,"0, 1, 1, 1"
"342",0,0.15968,0.34755,0.54267,6.57427266127976,6.57702202343502,6.49222738176289,6.26489305304905,1.55184760414065,1.17204772733482,0.964550198193962,0.934205935579437,42,"0, 1, 1, 1"
"343",0,0.21633,0.43951,0.6574,4.9076835394756,5.31831466879554,5.46129728961161,5.30372944042273,1.47404514466284,1.113286676592,0.994453262877985,1.07562267274126,43,"0, 1, 1, 1"
"344",0,0.1872,0.39337,0.59811,5.7144341804754,5.92762079704344,5.96220608380701,5.77303960044478,1.6929530156512,1.27861893731337,1.08786425936019,1.10191854372908,44,"0, 1, 1, 1"
"345",0,0.17561,0.37729,0.57907,5.98130288222723,6.12917593335352,6.13317587681516,5.93867027018496,1.4785933404791,1.1167217449297,0.940392332049246,0.948377718164557,45,"0, 1, 1, 1"
"346",0,0.17923,0.38157,0.58449,5.96167743935428,6.11435363014809,6.11787589578867,5.920332969352,1.55877319011,1.1772783422961,0.992474725909401,0.998456708036898,46,"0, 1, 1, 1"
"347",0,0.18601,0.39487,0.61258,5.56551306333086,5.81514670072387,5.8908970697542,5.73244654217017,0.553978984090954,0.41839791972009,0.416938579374681,0.543712076633679,47,"0, 1, 1, 1"
"348",0,0.19888,0.41435,0.62585,5.37106358719817,5.66828687636052,5.75341063630172,5.58100662519017,1.46713207741742,1.10806551651656,0.963685372709534,1.01424610563204,48,"0, 1, 1, 1"
"349",0,0.16342,0.3592,0.5604,6.244953796136,6.32830080465661,6.3088087857552,6.11978514933666,0.368430050885971,0.278260315426963,0.28437443798902,0.391147934165905,49,"0, 1, 1, 1"
"350",0,0.19972,0.42113,0.63767,5.19631303106933,5.53630484950762,5.65320992830926,5.4959677203365,1.12310785621423,0.848237937098665,0.763994785110024,0.852002010661636,50,"0, 1, 1, 1"
"351",0,0.18108,0.38965,0.59889,5.752647031588,5.95648141788147,6.00451272325981,5.83468374249134,0.645698514535962,0.487669971256245,0.458732746726952,0.559212015060268,51,"0, 1, 1, 1"
"352",0,0.11771,0.27454,0.43351,8.08398011817662,7.71724300201252,7.39211430239936,7.05731920481448,1.77593011664907,1.34128818549592,1.05538974130154,0.940957491417684,52,"0, 1, 1, 1"
"353",0,0.26706,0.5097,0.72615,3.78892015251158,4.47335793359943,4.72192290023141,4.56271073730838,1.93917807096557,1.46458276244935,1.36231500812034,1.49459134626481,53,"0, 1, 1, 1"
"354",0,0.16298,0.35596,0.55265,6.35235340776923,6.409415387297,6.36950154711763,6.16965671184369,0.809837293060504,0.611637351702558,0.52494416123082,0.563181128633009,54,"0, 1, 1, 1"
"355",0,0.19805,0.415,0.63118,5.27910234430125,5.59883226918607,5.70842164863308,5.55430421776702,0.832412085694379,0.62868717948912,0.58912376737651,0.701599099976766,55,"0, 1, 1, 1"
"356",0,0.17685,0.36984,0.55672,6.34294696575313,6.40231108210759,6.31767905185604,6.06342763907006,2.60884202858976,1.97035286353225,1.63889412681326,1.5769798244325,56,"0, 1, 1, 1"
"357",0,0.15914,0.35078,0.54126,6.51082444110637,6.52910214904836,6.45701662119503,6.23613322157401,1.45961027266508,1.10238460162395,0.90860434502484,0.885950135644715,57,"0, 1, 1, 1"
"358",0,0.12903,0.29883,0.47388,7.477556288855,7.25923561194301,7.0450354479772,6.7735615980299,0.908039528578453,0.685805528172274,0.548783023521283,0.51449645348536,58,"0, 1, 1, 1"
"359",0,0.15315,0.34114,0.53658,6.59387645346424,6.59182797475116,6.5187147007314,6.30839063778653,0.638932303408841,0.48255972566702,0.414376454534591,0.455113313802847,59,"0, 1, 1, 1"
"360",0,0.17787,0.38069,0.58839,5.88743063664072,6.05827802314253,6.08320589643688,5.90354004323091,0.981685641181886,0.741427458233955,0.64505720688616,0.697374864399104,60,"0, 1, 1, 1"
"361",0,0.25573,0.49911,0.72363,3.94112909959359,4.58831519488688,4.84464085671208,4.70571650448098,1.22333595043283,0.923936162704429,0.904036691089451,1.07409212945276,61,"0, 1, 1, 1"
"362",0,0.11537,0.27235,0.43829,7.94722014635472,7.61395372686943,7.32496643627231,7.02170783413581,0.639337881767716,0.482866042596921,0.380271430331491,0.347163969831606,62,"0, 1, 1, 1"
"363",0,0.17787,0.38069,0.58565,5.90530489014933,6.07177772385198,6.09486024048152,5.91508096685599,0.903102520857226,0.68207680592915,0.598304190781143,0.657858255069749,63,"0, 1, 1, 1"
"364",0,0.19916,0.41871,0.63833,5.19244910638709,5.53338658348051,5.65958054147164,5.51381129980435,0.440318311753752,0.332554611173093,0.385703634886187,0.558916523703397,64,"0, 1, 1, 1"
"365",0,0.20593,0.42788,0.64565,5.06430561535452,5.43660498776407,5.5709503528498,5.41961626351869,1.04500026772186,0.7892464347528,0.724568464109045,0.830004950574608,65,"0, 1, 1, 1"
"366",0,0.16663,0.36283,0.5607,6.27337142538945,6.34976349061487,6.3181535442772,6.1168664856341,1.0892911442245,0.822697542328103,0.692768768199105,0.7107264349011,66,"0, 1, 1, 1"
"367",0,0.1881,0.39836,0.61136,5.54225949973553,5.79758422468458,5.8724951980665,5.70986373332982,0.849218030481268,0.641380029831274,0.584287627707466,0.674716415738235,67,"0, 1, 1, 1"
"368",0,0.14311,0.32539,0.51268,6.89625500040605,6.82020226085524,6.70023587911941,6.47063418432519,0.729430926202957,0.550909675036894,0.457562462629472,0.468846755618437,68,"0, 1, 1, 1"
"369",0,0.17413,0.37649,0.58315,5.96799086075773,6.11912190197315,6.13520906408518,5.95411423918904,0.861458271876627,0.65062458907226,0.568740665987961,0.626393988395713,69,"0, 1, 1, 1"
"370",0,0.14533,0.32934,0.51944,6.80778380424503,6.75338354481737,6.64921773033041,6.42811943706581,0.455879485023127,0.344307335935737,0.30266484888577,0.35260652793454,70,"0, 1, 1, 1"
"371",0,0.21741,0.44327,0.66219,4.86198672842483,5.28380171572232,5.44000406973374,5.29153176278946,1.06446717912923,0.803949005554443,0.74997272394293,0.868617001885916,71,"0, 1, 1, 1"
"372",0,0.25518,0.50454,0.73214,3.86567761208347,4.53132973818075,4.81092467632881,4.68515254781771,0.357469550933056,0.269982293135347,0.467518238026455,0.744047406699924,72,"0, 1, 1, 1"
"373",0,0.18895,0.40119,0.61657,5.48189032767909,5.75198983080141,5.83835857537159,5.68136480939884,0.630591678484777,0.476260389017778,0.463298345667339,0.585555015005846,73,"0, 1, 1, 1"
"374",0,0.13283,0.30509,0.48408,7.3395347821038,7.15499355049352,6.96247291087393,6.70015127371795,0.956112671661464,0.722113228713195,0.580351038744342,0.548435566860019,74,"0, 1, 1, 1"
"375",0,0.16872,0.36944,0.57442,6.05727091888411,6.18655151873717,6.19163387642563,6.00804675187146,0.788467764468511,0.595497811097131,0.522985971489738,0.582875553152858,75,"0, 1, 1, 1"
"376",0,0.16307,0.3582,0.55829,6.24327222009504,6.32703077828811,6.30388157677691,6.10979595811902,0.912294852338628,0.689019402091904,0.587227092627766,0.62125242176314,76,"0, 1, 1, 1"
"377",0,0.12481,0.28682,0.45057,7.88513981690341,7.56706696501764,7.27186018426618,6.94942333060174,1.91498551391813,1.44631110263545,1.14509092263836,1.03034741767959,77,"0, 1, 1, 1"
"378",0,0.16892,0.36953,0.57641,6.07150074107418,6.19729872787919,6.20306852045876,6.02225099863346,0.415022915067289,0.313450021186747,0.315979586503589,0.42715545858814,78,"0, 1, 1, 1"
"379",0,0.16931,0.36945,0.5757,6.05153671537697,6.18222070676137,6.1900870124925,6.00964084051155,0.53167238845104,0.401550650275218,0.379137062041873,0.473467735075545,79,"0, 1, 1, 1"
"380",0,0.1642,0.35799,0.55987,6.2706455274852,6.34770473018304,6.32177064264318,6.12882288243862,0.703047557829091,0.530983384040588,0.464591692247542,0.519186331279963,80,"0, 1, 1, 1"
"381",0,0.17958,0.38953,0.6021,5.71650881961718,5.92918768807364,5.98588548854711,5.82118699309448,0.390377679564474,0.294836471645133,0.325766131425941,0.467087338321897,81,"0, 1, 1, 1"
"382",0,0.18852,0.39634,0.60226,5.70169042403638,5.91799595325581,5.9527749065152,5.76154090250218,1.71420783729073,1.29467184439719,1.10190182479177,1.11660633804162,82,"0, 1, 1, 1"
"383",0,0.27405,0.52926,0.76241,3.43267842404858,4.20430296511359,4.52593860089803,4.40043804663717,0.479927018655666,0.362469465430168,0.554194635799422,0.843373743187866,83,"0, 1, 1, 1"
"384",0,0.18084,0.3868,0.59778,5.74105195848591,5.94772412815707,6.00001941355152,5.83479181126695,0.39030781631057,0.29478370675524,0.323814581018784,0.464476208343607,84,"0, 1, 1, 1"
"385",0,0.14989,0.33552,0.52683,6.74348062195679,6.70481795212629,6.60919809451642,6.39024853231007,0.528445698887334,0.399113662158688,0.346330120359188,0.391835496570681,85,"0, 1, 1, 1"
"386",0,0.18155,0.39132,0.60045,5.71803540076886,5.9303406530714,5.98577356242515,5.8198904270161,0.395240572925228,0.298509218309519,0.328079975187107,0.469607912865214,86,"0, 1, 1, 1"
"387",0,0.14399,0.32505,0.51255,6.9567798384578,6.86591422296839,6.73546161894547,6.50086789966628,0.759490723940921,0.573612624430198,0.474021004395902,0.479664118816297,87,"0, 1, 1, 1"
"388",0,0.17247,0.37583,0.58355,5.95534816213683,6.10957338306804,6.13046760963,5.9531090587076,0.633458391732116,0.478425501582633,0.439472977148876,0.526049125256853,88,"0, 1, 1, 1"
"389",0,0.16499,0.35647,0.5499,6.38020144240401,6.43044788147835,6.37042176084951,6.14939115116498,1.74746429342497,1.31978910058095,1.09147260488538,1.0607724417902,89,"0, 1, 1, 1"
"390",0,0.12124,0.28356,0.45414,7.73556540071416,7.45409945835379,7.20105460098228,6.915318050972,0.477491219799474,0.360629805075616,0.289134594225946,0.280835237931043,90,"0, 1, 1, 1"
"391",0,0.18007,0.38944,0.60185,5.72147667029917,5.93293970475751,5.98856052883788,5.82336058839094,0.416280829819389,0.31440007331973,0.337264998639121,0.474237857948086,91,"0, 1, 1, 1"
"392",0,0.16604,0.35227,0.53607,6.63140504116636,6.62017179911187,6.50182849877449,6.24069323192604,2.45798657721598,1.85641784280796,1.52614489664521,1.44970201947487,92,"0, 1, 1, 1"
"393",0,0.13419,0.3057,0.48865,7.26855943584574,7.10138874222717,6.92458901530087,6.67367173267723,0.366422337905644,0.276743971019526,0.236942166179951,0.269929308218844,93,"0, 1, 1, 1"
"394",0,0.1559,0.33605,0.51565,6.9760775547714,6.88048900755919,6.70932815840986,6.42585883558718,2.53032608578513,1.91105294769117,1.5563111630438,1.45805892095052,94,"0, 1, 1, 1"
"395",0,0.20111,0.41661,0.62754,5.29589075977215,5.61151188034486,5.70339783172703,5.53112205436928,1.62510624512886,1.22737701575771,1.06448290907408,1.10889682348126,95,"0, 1, 1, 1"
"396",0,0.23895,0.47985,0.70795,4.1964920950636,4.78118053661724,5.02199205118055,4.89112167590909,0.892409414179398,0.674000734962866,0.690074900308268,0.872880800893395,96,"0, 1, 1, 1"
"397",0,0.16819,0.3643,0.56461,6.22814272916031,6.31560408573243,6.28885307920154,6.08898143402776,1.17679224158994,0.888783581983561,0.748168684440695,0.76162688551638,97,"0, 1, 1, 1"
"398",0,0.18553,0.3969,0.61176,5.60543471196488,5.84529790721354,5.91579232703215,5.75448605676043,0.465378858469584,0.351481828475673,0.368942908403576,0.506775413177624,98,"0, 1, 1, 1"
"399",0,0.12889,0.29664,0.4694,7.60072290869309,7.35225837814735,7.11083617228402,6.82009168360187,1.4564773902936,1.10001846228545,0.874771002557481,0.799159643987206,99,"0, 1, 1, 1"
"400",0,0.11505,0.27161,0.4355,8.0574872135898,7.69723398274501,7.38460327312919,7.06462970843572,1.19747664026268,0.904405671672642,0.709770930848067,0.632827048165677,100,"0, 1, 1, 1"
"401",0.07929,0.21316,0.38032,0.55215,6.91431265829941,6.77701856800136,6.61795361046031,6.35470851751853,1.37129747262623,1.09424701702245,0.955476786245892,0.955228296563316,1,"1, 1, 1, 1"
"402",0.09805,0.25604,0.43727,0.61746,5.99911300685619,6.05844307257782,6.01768149333056,5.79462442610796,1.21534568380357,0.999554413288426,0.943317335288511,1.01473745882981,2,"1, 1, 1, 1"
"403",0.08234,0.2224,0.39413,0.57232,6.58973979026476,6.52831876328647,6.42183697651779,6.18396353571813,1.00902095560882,0.819275849585006,0.748579097290131,0.790426170716667,3,"1, 1, 1, 1"
"404",0.06947,0.19799,0.36214,0.53366,7.08582766867716,6.92136213495808,6.75541759765476,6.50134340977919,0.444681449730083,0.379282993085633,0.375006984668156,0.433769679199788,4,"1, 1, 1, 1"
"405",0.11269,0.28434,0.47427,0.66515,5.39379833636921,5.5822295534881,5.62167029147662,5.4266921342225,0.547349583270717,0.527096215824518,0.641635063793916,0.811335237546135,5,"1, 1, 1, 1"
"406",0.06316,0.18215,0.34181,0.50545,7.4894808700774,7.23396431851556,7.00726940319433,6.72652669562043,0.627160953770777,0.50479129837885,0.444037658265178,0.45760376669872,6,"1, 1, 1, 1"
"407",0.10794,0.27591,0.46563,0.6579,5.50215903306857,5.67106496360941,5.70180027770706,5.50651191496361,0.469238938746958,0.466307490521257,0.587646521139088,0.756753575223902,7,"1, 1, 1, 1"
"408",0.09445,0.24886,0.43145,0.61755,6.01702332319535,6.08112003523865,6.05498048626762,5.84741103966544,0.357655259112759,0.366250109455127,0.467640949963113,0.611909896667168,8,"1, 1, 1, 1"
"409",0.09195,0.24299,0.42181,0.60859,6.13287335893537,6.17267970578889,6.13290563633891,5.92278911046837,0.294849948795437,0.322705084468122,0.430401406937364,0.572870717138798,9,"1, 1, 1, 1"
"410",0.10909,0.2742,0.46143,0.64608,5.60292023815352,5.74252758493444,5.74848560590389,5.53784829173755,1.17273903339818,0.982285691441332,0.963139637195455,1.06523130931461,10,"1, 1, 1, 1"
"411",0.09502,0.24694,0.42499,0.60641,6.17514588608516,6.19626255452231,6.13445005234609,5.90561246573393,1.24931265744795,1.02149841555198,0.94693019575704,1.00322232004736,11,"1, 1, 1, 1"
"412",0.08331,0.22588,0.40067,0.58172,6.46222775999523,6.43148278069471,6.34736308095632,6.12077557562476,0.68943965609785,0.579294610214583,0.570993821369225,0.64886673462973,12,"1, 1, 1, 1"
"413",0.09882,0.25749,0.44034,0.62485,5.89091677389107,5.97871521344333,5.96316795234004,5.75604799719483,0.643232012403042,0.569109997760668,0.616776367110103,0.741695397427491,13,"1, 1, 1, 1"
"414",0.06523,0.1823,0.33735,0.49652,7.64064923921685,7.34447072515304,7.08338400776562,6.7799560950921,1.33982679736601,1.05256460050076,0.880921993948086,0.839087693305694,14,"1, 1, 1, 1"
"415",0.09325,0.24621,0.42734,0.61342,6.10198749196516,6.14646367138034,6.10640313645505,5.89262205738368,0.624782528599136,0.546068573066684,0.580175580446681,0.691444644689347,15,"1, 1, 1, 1"
"416",0.08272,0.21777,0.37965,0.54362,7.00653993784417,6.83585332941645,6.63997221129626,6.34818278541687,2.08020575043128,1.65642397414867,1.43040565180197,1.3954678488813,16,"1, 1, 1, 1"
"417",0.10195,0.26329,0.44498,0.62958,5.85323302865003,5.94101390389577,5.91441502133553,5.69379042127063,1.3108032161001,1.0800713462316,1.02277718672177,1.0989662415734,17,"1, 1, 1, 1"
"418",0.11699,0.29476,0.48945,0.68286,5.18846070300938,5.42002527886661,5.48303628836775,5.29273610292122,0.319110121763205,0.397663367771544,0.585040232155093,0.787334925363773,18,"1, 1, 1, 1"
"419",0.09828,0.25546,0.43976,0.62922,5.85385981613648,5.95152288617221,5.94450718649573,5.74217626649499,0.460766118061977,0.44169174816563,0.532047583683179,0.677155104299143,19,"1, 1, 1, 1"
"420",0.07325,0.2045,0.36839,0.538,7.07538036859456,6.907501593704,6.73273328198461,6.46848832618061,1.06546959010033,0.851218157159465,0.745957487160766,0.753185425157227,20,"1, 1, 1, 1"
"421",0.08363,0.22015,0.38111,0.5437,7.00700100037838,6.83237402911963,6.62746403836645,6.32639817272484,2.29491285211432,1.82561173321246,1.57629985492849,1.53488730012175,21,"1, 1, 1, 1"
"422",0.05397,0.16145,0.31027,0.46484,8.03110072953157,7.65357650260013,7.34500364128022,7.02899908247519,0.521929395851783,0.415554987340456,0.350171533869229,0.342144383537348,22,"1, 1, 1, 1"
"423",0.09406,0.24782,0.42885,0.61353,6.07371056292764,6.12292191937198,6.08430125120065,5.86960455443252,0.781740779037088,0.663971593901193,0.669243464195781,0.767074059632918,23,"1, 1, 1, 1"
"424",0.09171,0.23682,0.40842,0.57865,6.49008344178919,6.43291674138966,6.30916742464519,6.04548025727177,1.95286393675821,1.56860019663037,1.38908891551214,1.39210576602283,24,"1, 1, 1, 1"
"425",0.08783,0.23544,0.4126,0.59672,6.28467495637814,6.29236565098617,6.23267675547773,6.01540162094847,0.475198401654326,0.430886407124023,0.480693965822248,0.593900763218087,25,"1, 1, 1, 1"
"426",0.09899,0.25849,0.44234,0.63155,5.86477430530552,5.9597685502306,5.95035270364292,5.74688280031393,0.354006025096092,0.373645858551671,0.490451056841448,0.645813201176968,26,"1, 1, 1, 1"
"427",0.07558,0.20821,0.37408,0.54496,6.96547788544382,6.82013322370096,6.65754156060857,6.39540686339387,1.26520781495076,1.00816951476132,0.879284258459541,0.880279069478738,27,"1, 1, 1, 1"
"428",0.06733,0.19144,0.35147,0.51768,7.3500554568983,7.12221678912436,6.90901455952553,6.62969423745263,1.06585709541107,0.844625840119266,0.723953595998583,0.713757794220658,28,"1, 1, 1, 1"
"429",0.09722,0.25493,0.43638,0.61913,5.999481933443,6.06087884265439,6.02421573499861,5.8051688802292,1.04151683626155,0.865339472493162,0.834877380863409,0.918268824242054,29,"1, 1, 1, 1"
"430",0.07738,0.20972,0.37578,0.54588,6.95612358565342,6.80971623006524,6.64365437192999,6.37703641866864,1.44106055105718,1.14786672528634,0.997988447158841,0.991799449737665,30,"1, 1, 1, 1"
"431",0.12888,0.31116,0.50188,0.6893,5.01399476995896,5.2617028624227,5.31461732419974,5.10456891900401,1.44817962908427,1.2292187023644,1.22568973850325,1.35409909508365,31,"1, 1, 1, 1"
"432",0.09153,0.24175,0.42069,0.60285,6.21882302154566,6.23286280154225,6.16696061760867,5.93738286012772,1.24174425569979,1.01360916052048,0.937215613228181,0.990504764776125,32,"1, 1, 1, 1"
"433",0.09979,0.25852,0.44169,0.62812,5.84547366792021,5.94146950788423,5.92850976954412,5.72019598190165,0.843751800461491,0.718777608709161,0.732188651393875,0.841652030443425,33,"1, 1, 1, 1"
"434",0.08098,0.22121,0.39305,0.57039,6.6437690282661,6.57325532745978,6.46450812629959,6.22920082714281,0.639326776038435,0.536847582958088,0.525858039901838,0.596303019870311,34,"1, 1, 1, 1"
"435",0.08426,0.22706,0.40268,0.58417,6.43822604847232,6.4129745479915,6.33333106955256,6.10903774397506,0.565156182204345,0.48848736137435,0.506460033365497,0.598926899478495,35,"1, 1, 1, 1"
"436",0.10807,0.26669,0.44262,0.61218,6.02874078774796,6.05381098325472,5.9649023934274,5.6995488837604,2.33513132215997,1.90023790352368,1.72044389879067,1.74493375988212,36,"1, 1, 1, 1"
"437",0.07801,0.21473,0.38265,0.55794,6.7807107286739,6.67923234978761,6.54850721628086,6.30330045538901,0.91964285637353,0.743780660153152,0.675467049110294,0.711063052566352,37,"1, 1, 1, 1"
"438",0.08194,0.22149,0.39479,0.57367,6.60894326903209,6.54534113511017,6.44122183472724,6.20701746369327,0.690407721079567,0.576839804891198,0.558108153971432,0.625823177141774,38,"1, 1, 1, 1"
"439",0.10245,0.26567,0.45292,0.64215,5.72967851699154,5.85158063911481,5.85563337985459,5.65318665322938,0.534331192541404,0.499172351684907,0.585023983025503,0.732114796865053,39,"1, 1, 1, 1"
"440",0.07418,0.20843,0.37607,0.55184,6.88192382402177,6.76117879998839,6.62187110454749,6.37676620010566,0.559253268181407,0.470582506766725,0.458089220400648,0.519455856331854,40,"1, 1, 1, 1"
"441",0.10617,0.26906,0.45197,0.63206,5.8194407194086,5.90728625361846,5.87480552037063,5.64549794440774,1.54339948972756,1.26981115299743,1.18852554724305,1.25606151406137,41,"1, 1, 1, 1"
"442",0.08335,0.22764,0.40363,0.58612,6.44256667451184,6.41769311155228,6.33910765251228,6.11625938326251,0.336666289006017,0.331724176815334,0.401431968567131,0.51819746880365,42,"1, 1, 1, 1"
"443",0.09075,0.23983,0.41827,0.59764,6.28129895149369,6.28263799966938,6.20984766790021,5.9782794931212,1.2162166810718,0.98875261744736,0.909938758072907,0.960201129730267,43,"1, 1, 1, 1"
"444",0.08995,0.2386,0.41565,0.59715,6.23839659184247,6.25187420095058,6.19071883552611,5.96802441950587,0.95649635955687,0.790631438531398,0.753269211886825,0.824670130017728,44,"1, 1, 1, 1"
"445",0.09611,0.25319,0.43643,0.62133,5.98422829118181,6.05069562645532,6.01909351471916,5.80310169368467,0.956998881529668,0.800662298974256,0.783538259504119,0.87371585887684,45,"1, 1, 1, 1"
"446",0.09561,0.25189,0.42787,0.60545,6.15466570839509,6.17621586379231,6.10613980499686,5.86867856047476,1.5610699014794,1.26712125242671,1.15572901423439,1.19707842869129,46,"1, 1, 1, 1"
"447",0.12154,0.30265,0.49415,0.68777,5.08111085891341,5.32998447653412,5.39758580462416,5.2055100799213,0.722523003349487,0.666362878774422,0.770893150184322,0.94596350229259,47,"1, 1, 1, 1"
"448",0.07187,0.203,0.36801,0.54063,7.05352297393412,6.89472384550701,6.73128637588865,6.47700545090055,0.525994237167587,0.440822812425187,0.423964009770605,0.476866214556461,48,"1, 1, 1, 1"
"449",0.07791,0.21661,0.38834,0.56621,6.68921940367987,6.6103679302545,6.49669331854942,6.26006677688831,0.61840227830708,0.519017529774944,0.507997235640611,0.577098898811179,49,"1, 1, 1, 1"
"450",0.1291,0.30466,0.48565,0.6607,5.34546563850029,5.50036601330853,5.47848209842435,5.22750996543281,2.34721263348285,1.94892360012741,1.8271213257725,1.89914485354849,50,"1, 1, 1, 1"
"451",0.08252,0.2239,0.39476,0.57121,6.59116610019247,6.53062434859543,6.4261990394277,6.19072377796571,0.838376387767148,0.687994331628985,0.645129744742623,0.701359312515427,51,"1, 1, 1, 1"
"452",0.12479,0.30318,0.49207,0.6775,5.1894858572077,5.40026553571399,5.43142989256145,5.21420978528214,1.56226116901713,1.31328837650848,1.28227010869865,1.39321511300138,52,"1, 1, 1, 1"
"453",0.07942,0.21783,0.38921,0.56497,6.70030607163283,6.6188816560443,6.50551655176669,6.27051103664327,0.342771951579684,0.324702223763676,0.373427286884944,0.472186799406301,53,"1, 1, 1, 1"
"454",0.08218,0.22392,0.39483,0.57116,6.635618586348,6.56385184985687,6.44988106698711,6.20866120562842,0.996982871303881,0.809097128547422,0.739073936423139,0.779851655830165,54,"1, 1, 1, 1"
"455",0.08808,0.23435,0.41079,0.59343,6.33196750153914,6.325660524017,6.25293535982203,6.02671975940083,0.945525334962574,0.779537754372306,0.737643459107613,0.802953208188561,55,"1, 1, 1, 1"
"456",0.09348,0.24666,0.42639,0.61347,6.07081776381597,6.12346413409548,6.09081999383799,5.88237939609653,0.310051801422511,0.336074255848482,0.445210315645145,0.590676709591287,56,"1, 1, 1, 1"
"457",0.12116,0.29712,0.48817,0.67763,5.22072657413201,5.43568526060248,5.4817906295406,5.2796851403932,1.0481519289262,0.905124986648781,0.93979795925161,1.07857892739876,57,"1, 1, 1, 1"
"458",0.08481,0.22906,0.40074,0.57764,6.5622617683132,6.50241172832192,6.39095913222451,6.14592952707233,1.30722836445094,1.05338368918396,0.944304942443626,0.970058673758194,58,"1, 1, 1, 1"
"459",0.07587,0.21095,0.38054,0.5584,6.76778566949277,6.67288721142104,6.55121332951907,6.31386988114684,0.437407136991622,0.385068612281955,0.405062182239722,0.487561782315931,59,"1, 1, 1, 1"
"460",0.09718,0.25378,0.4365,0.62176,5.98062155066718,6.04814384721892,6.01879270980706,5.80495641453371,0.864445458730704,0.728807842178083,0.726747811395461,0.824410449557282,60,"1, 1, 1, 1"
"461",0.06129,0.17763,0.33379,0.49768,7.61103272843078,7.32904090552009,7.0865281175224,6.80104651477336,0.312579095763865,0.271144744726996,0.263483544473045,0.302345459622565,61,"1, 1, 1, 1"
"462",0.09433,0.24956,0.42844,0.61333,6.09437244678649,6.13817861621108,6.09423418654976,5.87677481753214,0.856055156791484,0.719193629724233,0.710959399340848,0.801935448774512,62,"1, 1, 1, 1"
"463",0.12648,0.30322,0.4906,0.67397,5.17827281537354,5.38463892333434,5.4070714542252,5.18198794394757,1.83077951155437,1.53033775707329,1.46953741867776,1.56886146611691,63,"1, 1, 1, 1"
"464",0.07619,0.21154,0.38025,0.55833,6.77028639327443,6.67491975118572,6.55345884410795,6.31685969471147,0.340168824770792,0.318408185003456,0.360847825818166,0.45430346839954,64,"1, 1, 1, 1"
"465",0.06494,0.1851,0.34144,0.50344,7.53210628896045,7.26383402481205,7.02489611266926,6.73584585890299,0.997029874553236,0.787842429006,0.669106726622184,0.652716097606313,65,"1, 1, 1, 1"
"466",0.08804,0.23363,0.4103,0.59343,6.31265530418387,6.31383482511657,6.25084556575851,6.03269185064428,0.450324810762112,0.41362181212585,0.468266548734851,0.58272799876564,66,"1, 1, 1, 1"
"467",0.09383,0.24142,0.4158,0.58792,6.39022982137034,6.35583801896513,6.24930676539002,5.99422027114676,1.80740592910327,1.45773893369111,1.30223853971478,1.31823962648108,67,"1, 1, 1, 1"
"468",0.08249,0.22482,0.39873,0.58053,6.51585593360956,6.47361822935541,6.38248890289512,6.15365728126119,0.636946311171437,0.539323445645006,0.537728989166106,0.617278088513175,68,"1, 1, 1, 1"
"469",0.05407,0.16099,0.30957,0.46174,8.05660111944599,7.67201373515943,7.35609832920923,7.03425663399376,0.854248783626177,0.667253403128735,0.548187997826129,0.513668946326592,69,"1, 1, 1, 1"
"470",0.08436,0.22787,0.40288,0.58444,6.46074937957972,6.43053970991603,6.34816791208463,6.12340254782193,0.452653301101768,0.409764090151495,0.451381085034134,0.554658138755173,70,"1, 1, 1, 1"
"471",0.08758,0.22488,0.38913,0.55253,6.88653608230748,6.73288617279989,6.53780270403612,6.23622243240163,2.46256137693559,1.96751875580102,1.70898229782788,1.66997801653959,71,"1, 1, 1, 1"
"472",0.08329,0.22551,0.39798,0.58046,6.52388089140048,6.48011703974112,6.38926725558721,6.16195307306155,0.456940148884758,0.408665531806863,0.444594616834891,0.543448304142538,72,"1, 1, 1, 1"
"473",0.07688,0.21144,0.38316,0.5607,6.73019539889297,6.64378600325059,6.52868440087667,6.29423607585178,0.288884657042118,0.286594331797071,0.344687088437298,0.44631635960653,73,"1, 1, 1, 1"
"474",0.08003,0.21991,0.39009,0.56406,6.70042581579349,6.6134113267737,6.48789602014185,6.23999505660309,1.18996307105909,0.957380323978746,0.854233627317283,0.877162396051211,74,"1, 1, 1, 1"
"475",0.08156,0.22106,0.39208,0.56708,6.68620061096704,6.60328941308053,6.48293685086004,6.23936837122719,1.00609244017076,0.81447936748068,0.739681150770283,0.77593197258958,75,"1, 1, 1, 1"
"476",0.09476,0.25273,0.43511,0.62365,5.91622352591032,6.00282215781165,5.9888592752215,5.78534731255787,0.401168793891125,0.39803369581297,0.496347995986023,0.643361457773813,76,"1, 1, 1, 1"
"477",0.11169,0.27531,0.45643,0.63681,5.76586666463695,5.85675589718403,5.81952635340578,5.58141032808599,1.83806493900867,1.50697409833213,1.39512888074125,1.45377512344794,77,"1, 1, 1, 1"
"478",0.09336,0.24639,0.42862,0.61519,6.03656998900162,6.09690793262649,6.06882542238054,5.86096049900573,0.393272817844289,0.387852749610917,0.478494301839618,0.617852276605611,78,"1, 1, 1, 1"
"479",0.07633,0.21265,0.38128,0.55562,6.83484910845913,6.72241944803878,6.58614137985791,6.33970901790108,0.792964596880111,0.64720074743367,0.595815685594689,0.638064453115567,79,"1, 1, 1, 1"
"480",0.11312,0.28763,0.47824,0.66702,5.40370606603081,5.58616783168546,5.61518611476457,5.41077270437674,0.969387739021714,0.834724844823974,0.865450284119044,0.996943513619965,80,"1, 1, 1, 1"
"481",0.06988,0.19826,0.36124,0.53188,7.06875028605971,6.90838185394375,6.74578896348186,6.49417145677235,0.279961461539895,0.266819785206285,0.301797074389857,0.381500246808395,81,"1, 1, 1, 1"
"482",0.08933,0.24016,0.41881,0.60234,6.18346659197071,6.21303157474441,6.16573318228999,5.95223020822995,0.487924405109573,0.444107034280567,0.499528697809778,0.618469848303111,82,"1, 1, 1, 1"
"483",0.09381,0.24731,0.42153,0.60218,6.18484585570443,6.20524762735163,6.14252205991575,5.91527773903485,1.22304949573562,0.999266722090018,0.927131573467239,0.983811441072799,83,"1, 1, 1, 1"
"484",0.10019,0.25992,0.44613,0.63407,5.81248060607278,5.91671325061707,5.91078797422279,5.70545258024431,0.680591076077385,0.599270174775164,0.644761795722774,0.770570161655207,84,"1, 1, 1, 1"
"485",0.10582,0.27076,0.45881,0.65233,5.57530500452784,5.729252655845,5.75231027658875,5.55604470858495,0.510712751664781,0.490818128724844,0.5954751960101,0.755455161043211,85,"1, 1, 1, 1"
"486",0.09082,0.23981,0.4194,0.60166,6.23006296307323,6.2468983479254,6.19069801352356,5.97148765068462,0.688463171259377,0.588040417196566,0.598929263369446,0.694631654373688,86,"1, 1, 1, 1"
"487",0.10399,0.26887,0.45596,0.64498,5.68056881710916,5.81230616987727,5.82170591366586,5.62053653546425,0.559783676928055,0.517959192486708,0.600880247184861,0.748833397260741,87,"1, 1, 1, 1"
"488",0.07271,0.20265,0.36687,0.53863,7.05410784445009,6.89389004072727,6.72853557897663,6.47220784381033,0.716160922031654,0.582976190754145,0.531853093254625,0.56639902449922,88,"1, 1, 1, 1"
"489",0.08281,0.2247,0.40031,0.58171,6.52050373015029,6.47786783934404,6.38788023457074,6.16031423763112,0.454452412533111,0.406617085194036,0.442883170411479,0.541322087646315,89,"1, 1, 1, 1"
"490",0.08741,0.22932,0.39746,0.56893,6.67739176056697,6.58079781122147,6.43361051753471,6.16291845658507,1.95066104232665,1.56133809099965,1.37046774532079,1.36096147947933,90,"1, 1, 1, 1"
"491",0.09491,0.24105,0.41347,0.58385,6.45208938183396,6.40071840878172,6.28139556789773,6.01884016577897,1.94780580371396,1.56868093194733,1.39376132683711,1.40056285924489,91,"1, 1, 1, 1"
"492",0.08783,0.23808,0.41496,0.59673,6.30638147296221,6.30514056407566,6.23238166007473,6.00348597249925,1.07956294281503,0.882276321388115,0.8207864665162,0.87798194568731,92,"1, 1, 1, 1"
"493",0.10575,0.26943,0.45747,0.64312,5.70061771201913,5.82190602863447,5.81838149292202,5.6060588493978,1.10894097405568,0.927732046308491,0.90989208495186,1.00899695482817,93,"1, 1, 1, 1"
"494",0.12605,0.30826,0.50417,0.69402,4.98046646447641,5.24436733165366,5.31555593050903,5.11675514107986,1.00049943580774,0.880262800276516,0.943991861219189,1.10332838545448,94,"1, 1, 1, 1"
"495",0.10005,0.2554,0.43987,0.62593,5.8881973300269,5.97439673935426,5.95759121132806,5.74783900328223,0.839158795043987,0.714185918121469,0.724374439924856,0.831213452047872,95,"1, 1, 1, 1"
"496",0.08699,0.23292,0.40569,0.58543,6.4263604829371,6.39773771977903,6.30827340785142,6.07369530313991,1.15465794606896,0.937514079424002,0.857239775956228,0.901159061393802,96,"1, 1, 1, 1"
"497",0.08049,0.22107,0.38801,0.56361,6.72798432823279,6.63616961645884,6.50986288147403,6.26520021454472,0.984234251011353,0.797182724200855,0.723644872374882,0.758935122128108,97,"1, 1, 1, 1"
"498",0.09008,0.23878,0.41915,0.60335,6.17653972185488,6.20758312759855,6.16285912338627,5.9505316555372,0.38082874846203,0.372504028808128,0.454381538803145,0.585111535829805,98,"1, 1, 1, 1"
"499",0.08574,0.22888,0.39771,0.57422,6.63162955824361,6.55429211034418,6.43044900948553,6.17956858633937,1.40083786050852,1.12651989071855,1.00346820798828,1.02103222293213,99,"1, 1, 1, 1"
"500",0.09213,0.24715,0.43059,0.61708,6.03766041838101,6.09871991799118,6.07013781808964,5.86150673615813,0.411361582059137,0.397966221850724,0.483039823546058,0.619839597866063,100,"1, 1, 1, 1"
